{"f1_silkcut":0.7581227436823105,"lr_head":1.092619963309716e-07,"_step":14,"precision_silkcut":0.7777777777777778,"f1_broken":0.759493670886076,"epoch":15,"recall_silkcut":0.7394366197183099,"precision_discolored":0.6941431670281996,"f1_pure":0.8573724387304138,"train_loss":0.5105244859810518,"recall_pure":0.911965811965812,"val_loss":0.5257327871282673,"val_acc":0.7880586592178771,"recall_broken":0.7142857142857143,"precision_pure":0.8089461713419257,"_wandb":{"runtime":1454},"_runtime":1454,"recall_discolored":0.6584362139917695,"precision_broken":0.8108108108108109,"f1_discolored":0.675818373812038,"lr_backbone":1.0926199633097156e-05,"confusion_matrix_table":{"_type":"table-file","artifact_path":"wandb-client-artifact://rtg57ysu45zamsb9ny4omxqxhgwhaqe043cfulspstqlk6huhge22smmuc1ya5wkjrvl8xswel2nwq44h2tplotc3s9oiviwl5ev3cs8vu3gat84d2ssnh0wew54kyhl/confusion_matrix_table.table.json","_latest_artifact_path":"wandb-client-artifact://djcxrq6n5frdnvb6mtzspuoh4eepmodkan0ida222gc0r2thmnfwzahu63lb5tx4l1fcgrgyzyoih013fmj23n3x4uzbgitujlcygut5lo2exd8z8ebwa2hzyz3kb8fz:latest/confusion_matrix_table.table.json","path":"media/table/confusion_matrix_table_14_6edc5c76517520a68a98.table.json","size":539,"nrows":16,"log_mode":"IMMUTABLE","ncols":3,"sha256":"6edc5c76517520a68a98e20e828ff76076c92fcfb5da7ec0937698c4a03a739c"},"_timestamp":1.7778293253731282e+09}