{"_wandb":{"runtime":684},"val_loss":0.9936810625332028,"precision_pure":0.8138925294888598,"f1_pure":0.6425245732022763,"_runtime":684,"recall_pure":0.5307692307692308,"precision_silkcut":0.3333333333333333,"f1_broken":0.4528301886792453,"f1_discolored":0.49224544841537426,"precision_discolored":0.36609829488465395,"recall_silkcut":0.7007042253521126,"precision_broken":0.6390532544378699,"_timestamp":1.7779419143472126e+09,"lr_backbone":1.0926199633097156e-05,"recall_broken":0.35064935064935066,"f1_silkcut":0.4517593643586833,"_step":14,"train_loss":0.9795625258707256,"epoch":15,"confusion_matrix_table":{"_latest_artifact_path":"wandb-client-artifact://q7xf1whildw613j83lqjd46jt5ba4ohfgqmm0v680t8fx29d2ba8f2yxb9omixrcrrw8gmnk1g60xrv4ethwni180vmkr328tglyc42dz4yieekmaqr3ytekyn15ve09:latest/confusion_matrix_table.table.json","sha256":"db47183ca159623239d415c85d5979a32c02295977dd8118fadf827c4bb7cc03","artifact_path":"wandb-client-artifact://c7poemq5wxfoyc2al09qr2yzujat1advgqo6k7m96yfifax5dqnwmv3rjxu46razhhfbboqmmcrzhp5ktq84ovwvikdk4fs4sopy3lbczoltt1nti95w795yysigrb9b/confusion_matrix_table.table.json","path":"media/table/confusion_matrix_table_14_db47183ca159623239d4.table.json","_type":"table-file","nrows":16,"log_mode":"IMMUTABLE","size":544,"ncols":3},"val_acc":0.5268854748603352,"lr_head":1.092619963309716e-07,"recall_discolored":0.7510288065843621}