{"_step":13,"confusion_matrix_table":{"sha256":"747a04e8ac568a70579fa2f47fdb27f93081e8e9ef53c10044da3eb26bfd8630","size":540,"_latest_artifact_path":"wandb-client-artifact://m55d410qgfvhixebz5lc8q23op03uq4nn8gj9tz9oivst2k9hkdov75arz245qm7zc285pvm2otlxbeuyoj72uanq7tshn1sclu2u2kbkn33usct3bt1m24kubypm5mr:latest/confusion_matrix_table.table.json","_type":"table-file","artifact_path":"wandb-client-artifact://qfsj3o15oy1c3cffps2crrlmehv4xmo30ajb1pl25rlzt934atsi8eknvzixymlok820ts8x4ib0jom6d24a1kek9p0wxtrfvkfo7bz1mgwxiuogv51uuayodactlxkj/confusion_matrix_table.table.json","path":"media/table/confusion_matrix_table_13_747a04e8ac568a70579f.table.json","nrows":16,"log_mode":"IMMUTABLE","ncols":3},"recall_pure":0.8341880341880342,"f1_discolored":0.6673706441393875,"recall_silkcut":0.6936619718309859,"val_acc":0.7796787709497207,"lr_head":9.362480035363989e-06,"f1_pure":0.8505446623093682,"train_loss":0.5372585840971916,"_runtime":1029,"epoch":14,"precision_discolored":0.6854663774403471,"f1_broken":0.7607361963190185,"precision_broken":0.7209302325581395,"_timestamp":1.7780608418481114e+09,"val_loss":0.5730820288205279,"precision_silkcut":0.8008130081300813,"recall_broken":0.8051948051948052,"_wandb":{"runtime":1029},"recall_discolored":0.6502057613168725,"lr_backbone":0.0009362480035363986,"f1_silkcut":0.7433962264150943,"precision_pure":0.8675555555555555}