{"lr_head":9.04508497187474e-06,"precision_broken":0.8048498845265589,"_wandb":{"runtime":1650},"f1_pure":0.8685714285714285,"_timestamp":1.7780519399820068e+09,"recall_discolored":0.6316872427983539,"recall_silkcut":0.7992957746478874,"lr_backbone":0.0009045084971874739,"epoch":17,"f1_broken":0.7787709497206704,"val_acc":0.8013268156424581,"recall_broken":0.7543290043290043,"_step":16,"precision_pure":0.83125,"recall_pure":0.9094017094017094,"f1_silkcut":0.7760683760683761,"_runtime":1650,"precision_silkcut":0.7541528239202658,"confusion_matrix_table":{"ncols":3,"nrows":16,"path":"media/table/confusion_matrix_table_16_97f6a39e0d62616b0c8c.table.json","artifact_path":"wandb-client-artifact://ewd7dadhlhsebs3hpzcbfdvxa780212pj90mu6r95qzx3f0nfnu7gqqu9ki102le9y98o9w8h0bmd8hi0zvpqcgmnxmzo3u4klcfvgud5wpwos7ckvt4hd7s6002kz0b/confusion_matrix_table.table.json","sha256":"97f6a39e0d62616b0c8c372c86d8938b50be201ae9130d2d30134a0756f9a798","size":540,"_type":"table-file","log_mode":"IMMUTABLE","_latest_artifact_path":"wandb-client-artifact://oyughzhvvaafl480xt4jk89cu9uilh3wldojkq6av9cfd5ibdyaaq60glpqctk2na4oq62exx9bbtig4oarei03eu8u3otyjtoq3vqr30i34g27uv3wtac761sfzjkr9:latest/confusion_matrix_table.table.json"},"f1_discolored":0.6799557032115172,"val_loss":0.5084609021354654,"train_loss":0.4705172019502966,"precision_discolored":0.7362110311750599}