{"precision_pure":0.7235841081994928,"f1_discolored":0.5247610773240661,"precision_silkcut":0.4740484429065744,"_runtime":683,"f1_silkcut":0.4781849912739965,"_step":14,"train_loss":0.9384192660760455,"f1_pure":0.7275818104547387,"precision_broken":0.6368638239339752,"recall_discolored":0.6213991769547325,"recall_pure":0.7316239316239316,"recall_silkcut":0.4823943661971831,"confusion_matrix_table":{"sha256":"4a7092b321a37861de89e413ac5d6084fbaec3363ed53b70ca5aa764dc9ba9b4","size":542,"nrows":16,"path":"media/table/confusion_matrix_table_14_4a7092b321a37861de89.table.json","log_mode":"IMMUTABLE","_type":"table-file","artifact_path":"wandb-client-artifact://azioupsr6j5tcwheelw89vtn8oogxogcnx3ikvs1l1o07er0wryioq2h6yt60osb45pru7hw422ho0e2odg83vhuzjuqyqzolvh6fop9sx9sukwp9xfh3a8xthntrxt2/confusion_matrix_table.table.json","_latest_artifact_path":"wandb-client-artifact://cs5jd9qzkvnvrdf2td0xxr36kdchdgu15eeqyk5ijogx9x7jzimmoqft65j84vxcduvaekaf21qnl9mofkfs9qvla322gx8odqhtwz7sl0xef896kmxnvvr8hc8cpgco:latest/confusion_matrix_table.table.json","ncols":3},"_wandb":{"runtime":683},"f1_broken":0.5608721986674743,"val_acc":0.6138268156424581,"lr_backbone":0,"lr_head":1.0926199633097156e-05,"val_loss":0.9403834219751411,"precision_discolored":0.45413533834586467,"_timestamp":1.7778449983487742e+09,"epoch":15,"recall_broken":0.5010822510822511}