{"precision_discolored":0.5530085959885387,"recall_discolored":0.7942386831275721,"precision_silkcut":0.6161616161616161,"f1_silkcut":0.7176470588235294,"val_acc":0.7377793296089385,"_wandb":{"runtime":1105},"f1_pure":0.822841726618705,"train_loss":0.4163615758099841,"_timestamp":1.7779976699251723e+09,"_runtime":1105,"epoch":15,"val_loss":0.6391420184566988,"lr_head":1.092619963309716e-07,"precision_broken":0.7932960893854749,"precision_pure":0.8681214421252372,"recall_silkcut":0.8591549295774648,"confusion_matrix_table":{"_latest_artifact_path":"wandb-client-artifact://12ntpa10m67z81z83o3p4gyq5yvm9a2n84acs0318ygdvdftxmb0zlnqmny8oxaxj9fk5iuz0qqtjyupgzxesmwlmrsc9wcf8li0ovo0z8jc6j9dhw6hmqsx2zcx6h9r:latest/confusion_matrix_table.table.json","ncols":3,"log_mode":"IMMUTABLE","_type":"table-file","sha256":"7dc6ee9214ae5db9ac5bbcb7a674620b58d4b95dc048ab1c01326a82495d25fb","path":"media/table/confusion_matrix_table_14_7dc6ee9214ae5db9ac5b.table.json","nrows":16,"size":540,"artifact_path":"wandb-client-artifact://zewamx14o86by9xee549gd1uejd2ozob0yi0i66j0cachvzj6scmhl6352gjhiizttjir8lyfczpsotgxyiv8f4yjlxwapjssht3c0ln6tcq18wxv1buf58ark0kuimg/confusion_matrix_table.table.json"},"_step":14,"lr_backbone":1.0926199633097156e-05,"f1_broken":0.6926829268292682,"f1_discolored":0.652027027027027,"recall_pure":0.782051282051282,"recall_broken":0.6147186147186147}