{"val_acc":0.7814245810055865,"f1_pure":0.8491761723700887,"_step":18,"epoch":19,"f1_silkcut":0.7564766839378239,"_wandb":{"runtime":2517},"recall_pure":0.8589743589743589,"train_loss":0.4610396325874337,"precision_pure":0.8395989974937343,"_runtime":2517,"f1_discolored":0.6645299145299145,"recall_silkcut":0.7711267605633803,"lr_backbone":0.0008802029828000156,"precision_silkcut":0.7423728813559322,"_timestamp":1.7780633638659036e+09,"f1_broken":0.761646803900325,"recall_broken":0.7608225108225108,"confusion_matrix_table":{"_latest_artifact_path":"wandb-client-artifact://bf399gs6n0089bnoo9q2mt3hns5lkupkkw3dd4ai156ruu1lazv9qfr7m4r10y3d502xy23scmonv8lcf9d4fm8w5j8oi6kul784bt9vqdex8rfycx0vv9d65cme8n8g:latest/confusion_matrix_table.table.json","_type":"table-file","nrows":16,"sha256":"e1c6617d10b72e4efd87fee51d2dfdcb89095b253e9645e1823c0044b4d0e8bf","ncols":3,"path":"media/table/confusion_matrix_table_18_e1c6617d10b72e4efd87.table.json","artifact_path":"wandb-client-artifact://6i1b1mo85yafyqyfykjxyb1hnmw7kugmegayeaea38zdx37yom5egwzyuhu5gcb2cwvou3w01ljyenfeiyyi6323v0zfm8ar21scf9sqyv936773u53prdp1nqgnyv1l/confusion_matrix_table.table.json","log_mode":"IMMUTABLE","size":540},"lr_head":8.802029828000157e-06,"val_loss":0.5689775304421366,"precision_discolored":0.6911111111111111,"precision_broken":0.762472885032538,"recall_discolored":0.6399176954732511}