{"precision_discolored":0.5461741424802111,"recall_broken":0.6244588744588745,"f1_broken":0.7230576441102757,"precision_silkcut":0.6727748691099477,"precision_pure":0.8982889733840305,"_step":9,"precision_broken":0.8586309523809523,"train_loss":0.47850225150824466,"val_acc":0.7657122905027933,"lr_backbone":0.0003454915028125264,"lr_head":3.4549150281252644e-06,"f1_discolored":0.6655948553054662,"_wandb":{"runtime":4677},"recall_discolored":0.8518518518518519,"epoch":10,"recall_pure":0.8076923076923077,"_timestamp":1.777972968013523e+09,"val_loss":0.5974302788020512,"recall_silkcut":0.9049295774647887,"f1_pure":0.8505850585058505,"confusion_matrix_table":{"log_mode":"IMMUTABLE","sha256":"84a6337cc36979ce99c5223ec79fd4bc64ee1220b9e7e3d913f4ebc157efa775","_type":"table-file","ncols":3,"size":538,"nrows":16,"artifact_path":"wandb-client-artifact://sa8bjgd7nabmmdb2oezwr554bzdtb7htkv5614emm2tws3zal7mof7218hw5wghc0gf0sy071vtsf1pcujjrrovvrzvzg4ap54tvxag5wgu7rojf6wdc3mdhd7rj3628/confusion_matrix_table.table.json","_latest_artifact_path":"wandb-client-artifact://gett0nsptw7ruadkwl2bilumc8xuz6vkixyvg6n3klzi2t9i2ii2t6vnxgpkjkaojr975uqq0sq3wswpqljega3uu1pw2nc59p3jcr8zueqdvv2qelx6zi9qnjb89hz9:latest/confusion_matrix_table.table.json","path":"media/table/confusion_matrix_table_9_84a6337cc36979ce99c5.table.json"},"_runtime":4677,"f1_silkcut":0.7717717717717718}