{"recall_silkcut":0.7605633802816901,"precision_pure":0.8280507131537242,"_wandb":{"runtime":2369},"f1_broken":0.75,"val_loss":0.5167911811913858,"val_acc":0.784217877094972,"f1_discolored":0.6724975704567542,"_step":14,"recall_pure":0.8931623931623932,"precision_discolored":0.6372007366482505,"lr_head":1.092619963309716e-07,"f1_pure":0.859375,"confusion_matrix_table":{"size":541,"sha256":"911baa4dd795c6b51eb205b1895056c475f8afde0896ef5d479ff10bd7fc7597","path":"media/table/confusion_matrix_table_14_911baa4dd795c6b51eb2.table.json","log_mode":"IMMUTABLE","_latest_artifact_path":"wandb-client-artifact://7885wx5sfcdksomg2z26b3wub07iomej8i2iu9eg7lp5koor4yeq6x41zu022dnref0ypj65mldn02ak9kc8g2edmzi9j9o3a8eaffrw4u86o61ikkciyj3c9gmyspgs:latest/confusion_matrix_table.table.json","_type":"table-file","nrows":16,"ncols":3,"artifact_path":"wandb-client-artifact://zl8hdk382ikpwfrvyftr6kbu5noavi9jm84lht36ldmtghog00sncb561mp8zs2yerjyyqrge11cgciqhiw1l3ea2o812rgitcutxh9ivnrxfhnt0mc2soqi2ayd9os9/confusion_matrix_table.table.json"},"recall_broken":0.6915584415584416,"_runtime":2369,"lr_backbone":1.0926199633097156e-05,"epoch":15,"_timestamp":1.7778316991049604e+09,"train_loss":0.4857391108391193,"recall_discolored":0.7119341563786008,"precision_silkcut":0.7741935483870968,"f1_silkcut":0.7673179396092362,"precision_broken":0.8192307692307692}