{"precision_pure":0.8631790744466801,"f1_silkcut":0.4182895850973751,"precision_discolored":0.3278282411230388,"_runtime":609,"lr_head":4.477357683661735e-06,"train_loss":0.7880719690802294,"_step":8,"precision_broken":0.7722007722007722,"val_acc":0.4444832402234637,"confusion_matrix_table":{"size":538,"_type":"table-file","nrows":16,"_latest_artifact_path":"wandb-client-artifact://uqcq2cr0f7kaphh3xnl474kiijghvymxqyvq0b2k3f65bhcatzaqsrvvrykroajgxeko810zsc1wvwrxbk77ge87mlf88k690bi0dzsmcegmrzm3jyjz6v64ql1g3hhy:latest/confusion_matrix_table.table.json","log_mode":"IMMUTABLE","ncols":3,"path":"media/table/confusion_matrix_table_8_c9b0c6dd36f2439da6c8.table.json","sha256":"c9b0c6dd36f2439da6c843a5534f75a89f621f54ee9855fafb021a03eab1829f","artifact_path":"wandb-client-artifact://51egerxldbk0uwn4dnhyl1nvuyw2vqyt6fhka6fc0yjacxg3l2lnmm5unn2x9e2wti63vlouxcl1jbv5qmbv6a8wbwguhtrgtjfi1w93pal8u05gl83dwesk3jw0s48n/confusion_matrix_table.table.json"},"recall_broken":0.21645021645021645,"val_loss":1.0691503942345775,"precision_silkcut":0.2753623188405797,"recall_discolored":0.8168724279835391,"f1_pure":0.5146970605878824,"f1_discolored":0.4678845020624632,"f1_broken":0.33812341504649196,"recall_silkcut":0.8697183098591549,"lr_backbone":0.0004477357683661734,"recall_pure":0.36666666666666664,"epoch":9,"_wandb":{"runtime":609},"_timestamp":1.7780019254477828e+09}