{"_wandb":{"runtime":2385},"precision_silkcut":0.5362318840579711,"_runtime":2385,"val_loss":0.7718096268909603,"_timestamp":1.7779838934634824e+09,"confusion_matrix_table":{"size":541,"_latest_artifact_path":"wandb-client-artifact://90kqn0elok2yeqwcylantl2x9pu6h915llg4l9ltb6hxgx4pdymemgnz8v3gbr21ff4d873uhxydhrlb0sw2p9z9luzfqi57uzroyxqfvhip1l9qtcffdwlk93zw71hu:latest/confusion_matrix_table.table.json","artifact_path":"wandb-client-artifact://6c2916e91mrrhud26x9o69ruagyp5iroyuvmkaorr8lldcviznalikayw05a5qivednesrg6fqkwczkoa33sh5b9a44tsgqdb6v0vvp3yluql0htxdjhnrp059qgyd2j/confusion_matrix_table.table.json","_type":"table-file","log_mode":"IMMUTABLE","sha256":"55f83e24732b96c66c66219dc5779ee59b7cf85a092c1c112e688bf24ca2f265","nrows":16,"path":"media/table/confusion_matrix_table_14_55f83e24732b96c66c66.table.json","ncols":3},"lr_head":1.092619963309716e-07,"recall_discolored":0.7716049382716049,"precision_pure":0.8283510125361621,"train_loss":0.7110397732888327,"f1_broken":0.6102564102564103,"recall_pure":0.7341880341880341,"f1_silkcut":0.6361031518624641,"_step":14,"recall_broken":0.5151515151515151,"f1_pure":0.7784322609877662,"precision_broken":0.7484276729559748,"val_acc":0.6745810055865922,"epoch":15,"precision_discolored":0.4826254826254826,"lr_backbone":1.0926199633097156e-05,"f1_discolored":0.5938242280285035,"recall_silkcut":0.7816901408450704}