{"val_loss":0.6719802338317786,"_timestamp":1.7779991330271924e+09,"_runtime":1458,"recall_silkcut":0.9119718309859155,"train_loss":0.4267107909169782,"_step":10,"precision_pure":0.8477477477477477,"f1_silkcut":0.6515723270440251,"lr_head":2.500000000000002e-06,"confusion_matrix_table":{"_type":"table-file","ncols":3,"sha256":"b341bc3ffaa020e946f4d8a2244f715dd8ef7acf2d0c71c618d4468f801a53b2","artifact_path":"wandb-client-artifact://mcfazeb4n02c5ltib7spx2gedhdych671ox97rajw15zivh8ipucg1rge5kmcwgy2igb9jl3nsl9xuzv2865pwm2qg9p4u7dgagbpudfe74rkpfshpuf8jhbbls1smws/confusion_matrix_table.table.json","nrows":16,"size":540,"log_mode":"IMMUTABLE","path":"media/table/confusion_matrix_table_10_b341bc3ffaa020e946f4.table.json","_latest_artifact_path":"wandb-client-artifact://905wsz2mv040isuz11gmx7d9w4ju2dpgd6qhkq9xuk5jn8h6ell34usclewhphu192ivqzzk2chx61p6ozf6ycqwka7dmsdawqhn224ogcdhdzf6q7vryfan17leq82a:latest/confusion_matrix_table.table.json"},"recall_broken":0.5140692640692641,"precision_silkcut":0.5068493150684932,"f1_discolored":0.6467576791808873,"precision_discolored":0.5524781341107872,"f1_pure":0.8254385964912281,"recall_pure":0.8042735042735043,"val_acc":0.7171787709497207,"precision_broken":0.8527827648114902,"_wandb":{"runtime":1458},"recall_discolored":0.779835390946502,"lr_backbone":0.0002500000000000001,"f1_broken":0.6414584740040513,"epoch":11}