{"f1_silkcut":0.73125,"_runtime":1105,"precision_silkcut":0.6573033707865169,"_step":14,"confusion_matrix_table":{"artifact_path":"wandb-client-artifact://euntbp37e2gfokcctuuhs4n65atki3707468cvp1gy2lqq5cp9uxiqpg9roffe526qewxx7n3d6bncsoje3354p1tatdwyoc2oqyb1c2bnwblaj9kuwt11nj1dp1nfjm/confusion_matrix_table.table.json","path":"media/table/confusion_matrix_table_14_0ec7144a98e1639ac753.table.json","sha256":"0ec7144a98e1639ac7535ff287f96dc35532bdf19cde0ca88191700055cac1ea","size":539,"ncols":3,"_type":"table-file","_latest_artifact_path":"wandb-client-artifact://t21lb0u5o3p0dwl1pbz9naomqpj4kxy46v8pawupxaeuatx7pljafbyoba2e1vlharqrikqhddzt4rgwp3bxqih5ktpbpl7p5rbkf0o2r4wpzvwd3grtavavcn4i11ez:latest/confusion_matrix_table.table.json","log_mode":"IMMUTABLE","nrows":16},"val_acc":0.7573324022346368,"lr_head":1.092619963309716e-07,"f1_broken":0.7312463083284111,"recall_discolored":0.7674897119341564,"f1_discolored":0.651528384279476,"epoch":15,"_timestamp":1.7779757267789283e+09,"recall_broken":0.6699134199134199,"precision_pure":0.8731481481481481,"f1_pure":0.8382222222222222,"lr_backbone":1.0926199633097156e-05,"_wandb":{"runtime":1105},"recall_silkcut":0.823943661971831,"precision_discolored":0.5660091047040972,"precision_broken":0.8049414824447334,"train_loss":0.5095049676928018,"val_loss":0.6181242729032506,"recall_pure":0.805982905982906}