{"_runtime":944,"f1_pure":0.7442905278921752,"_wandb":{"runtime":944},"recall_broken":0.6731601731601732,"val_loss":0.8936738105459586,"val_acc":0.6319832402234636,"_step":14,"recall_pure":0.8495726495726496,"f1_discolored":0.40115440115440115,"f1_broken":0.6213786213786214,"train_loss":0.8656006793552178,"precision_broken":0.5769944341372912,"recall_silkcut":0.1936619718309859,"epoch":15,"f1_silkcut":0.30386740331491713,"precision_discolored":0.6714975845410628,"_timestamp":1.7778388815378568e+09,"precision_pure":0.6622251832111925,"confusion_matrix_table":{"_type":"table-file","sha256":"e5fc6919f5b4312e4e444936af687623b9fa2ab54ed61a187905135b88aa6c41","nrows":16,"_latest_artifact_path":"wandb-client-artifact://ckot26iqaf2j1d3nya7z92wyys9mnbdd5jl9pzj40h94pex8tahxho4acoxhykdyfepaeiygipmbkd02daygve62o9evrso2cdx2bz65rjsdeulvecry6cy3mtov9nfg:latest/confusion_matrix_table.table.json","log_mode":"IMMUTABLE","size":541,"path":"media/table/confusion_matrix_table_14_e5fc6919f5b4312e4e44.table.json","ncols":3,"artifact_path":"wandb-client-artifact://5zvrzf0fjjza0iouwp7u9g8uhrmv93nxfb2pjl3c3i3mz33oavhrx8nmtjeyjwvyfl60tgbkhg6xc7wpice9ls4b9ysw5cdklawvwm8qkn1eoiuxw8ys5an2tqupbeqt/confusion_matrix_table.table.json"},"precision_silkcut":0.7051282051282052,"recall_discolored":0.28600823045267487,"lr_head":1.0926199633097156e-05,"lr_backbone":0}