{"precision_pure":0.8376237623762376,"precision_broken":0.8565573770491803,"epoch":15,"recall_silkcut":0.9049295774647887,"_runtime":1025,"f1_broken":0.5920679886685553,"f1_silkcut":0.5949074074074074,"val_acc":0.666550279329609,"confusion_matrix_table":{"path":"media/table/confusion_matrix_table_14_9c814b9f615cd5806f23.table.json","_type":"table-file","log_mode":"IMMUTABLE","_latest_artifact_path":"wandb-client-artifact://shqbgu5chfq9id78h2lmj9ynsjegq88r7pchdimfdgiv0fnzijlytl20uztbjjnmg33zzffquq8lrsk9prckhj3470ydxnvhgwcvqfrvklvus11fp1tnsod52wryyt5d:latest/confusion_matrix_table.table.json","size":541,"nrows":16,"ncols":3,"sha256":"9c814b9f615cd5806f235e93dd47fc8c2fcd6afbedf7be9cc39f1186fa456643","artifact_path":"wandb-client-artifact://ojxvsii4nzgc89sipj3fmb0vtjzrdwhc9hawp3s81dgnufs2fca7sqao8e8625fp8flf73pij1tirjwn26fjkyxwfstusann0j2nby2g4s95vh1ppvdnd2sxc41hugo5/confusion_matrix_table.table.json"},"recall_broken":0.4523809523809524,"train_loss":0.5372380068485682,"_wandb":{"runtime":1025},"recall_pure":0.7230769230769231,"precision_silkcut":0.44310344827586207,"precision_discolored":0.49363867684478374,"val_loss":0.7154061697714822,"_step":14,"_timestamp":1.777985972950112e+09,"lr_head":1.092619963309716e-07,"recall_discolored":0.7983539094650206,"lr_backbone":1.0926199633097156e-05,"f1_discolored":0.610062893081761,"f1_pure":0.7761467889908257}