{"f1_broken":0.5737003058103975,"f1_discolored":0.5292368681863231,"_wandb":{"runtime":870},"precision_broken":0.659634317862166,"lr_head":1.0926199633097156e-05,"recall_broken":0.5075757575757576,"confusion_matrix_table":{"size":542,"nrows":16,"_type":"table-file","ncols":3,"_latest_artifact_path":"wandb-client-artifact://srwmakkhsm4txrxfa3tatsn3d7renoqxiq20iitfnmul27fwzv3o0hqmokpgprqo0lgf8283kmmflv8nqi66nu7t0t3y2twqncy8j187ac8cfjr31pqn82mwl2v5psi4:latest/confusion_matrix_table.table.json","sha256":"c2107613b89c22285c14fc25cc8ebdbc6a275dcb64e5713d45543c48babd48ba","artifact_path":"wandb-client-artifact://ixcrhylpk4g5q691gzi8ytkpjuwhd3ry1h5qfjqnwntv8p17g94ppnnd6p9owoshypoarejhkl31uyuwdx4768qoixiwj7gg3niepf2m6hr8hp9ju048yaxo6ga0n5e7/confusion_matrix_table.table.json","path":"media/table/confusion_matrix_table_14_c2107613b89c22285c14.table.json","log_mode":"IMMUTABLE"},"recall_silkcut":0.426056338028169,"recall_discolored":0.5493827160493827,"precision_pure":0.6939811457577955,"_timestamp":1.7779786220316515e+09,"epoch":15,"f1_silkcut":0.4523364485981308,"_step":14,"val_loss":0.8804690548161554,"lr_backbone":0,"val_acc":0.6333798882681564,"recall_pure":0.8179487179487179,"precision_silkcut":0.4820717131474104,"precision_discolored":0.5105162523900574,"f1_pure":0.7508826990976853,"_runtime":870,"train_loss":0.8988355913801455}