{"f1_silkcut":0.75,"epoch":15,"lr_backbone":1.0926199633097156e-05,"confusion_matrix_table":{"ncols":3,"_type":"table-file","_latest_artifact_path":"wandb-client-artifact://6yq2exkvlz06mmp90b8gj36xts8ugptm7jytrgka53kekrpggqz8rag18tpybh5jfb4qzwtcjfo3bf9pourw95p1obglskpx4dzy0dp7f6gd79pw79s9wttoc2vk7uof:latest/confusion_matrix_table.table.json","log_mode":"IMMUTABLE","size":539,"artifact_path":"wandb-client-artifact://7wnoh9rcd0bwffmsrfdlldynl582hu1p1v2mvisjf954wos0kly98hisu90jevl3w243ljsrjgzs17s3jmvhf4mne29ozaxyd0frx7k31iy649t1j47kp5fpgcydjcbr/confusion_matrix_table.table.json","nrows":16,"path":"media/table/confusion_matrix_table_14_bf3ce3079fe835fefb99.table.json","sha256":"bf3ce3079fe835fefb99e17601a668ea113895365386a7d3b3990cd44069af94"},"recall_discolored":0.7139917695473251,"recall_pure":0.8051282051282052,"precision_pure":0.8722222222222222,"recall_silkcut":0.8556338028169014,"recall_broken":0.7186147186147186,"lr_head":1.092619963309716e-07,"val_acc":0.7667597765363129,"f1_pure":0.8373333333333334,"_step":14,"_runtime":1991,"_wandb":{"runtime":1991},"precision_silkcut":0.6675824175824175,"val_loss":0.5825278542561239,"precision_discolored":0.6229802513464991,"_timestamp":1.7779400113072197e+09,"f1_broken":0.7431449356463347,"train_loss":0.5291225367512955,"f1_discolored":0.6653883029721956,"precision_broken":0.7694090382387022}