{"_step":14,"precision_pure":0.8284883720930233,"f1_pure":0.6135629709364908,"_wandb":{"runtime":681},"recall_discolored":0.720164609053498,"val_loss":0.9906576155950237,"train_loss":0.9988125699584782,"_timestamp":1.7779412176355171e+09,"confusion_matrix_table":{"_latest_artifact_path":"wandb-client-artifact://o51x4m8p1vkhhhmbnl18tb7g0z6063iqbwx8phgamt44s0ulq3scj6bkp84mh0dnqjmhbgvzkff3x4tzflxnmnzbazbcytbllhkhlvcfuejfjd33mv0jpkrhdr9s7n6k:latest/confusion_matrix_table.table.json","artifact_path":"wandb-client-artifact://u5n6t1ngzt20dc608wrvcx06zoej5bydgz4k5yhkxvj7hd15o45w4c6wffpxlctrstxuye9ou5oexwjqu17gbajqnkh59u2eddg5qmsbit19m5sfnsbccbg2hjc4ufpl/confusion_matrix_table.table.json","path":"media/table/confusion_matrix_table_14_ff0d335860471640379d.table.json","sha256":"ff0d335860471640379d90642f707d020945922984bc8944f83e18bbdfecfaef","log_mode":"IMMUTABLE","nrows":16,"_type":"table-file","ncols":3,"size":543},"epoch":15,"precision_silkcut":0.3064748201438849,"val_acc":0.5387569832402235,"precision_discolored":0.4221954161640531,"lr_backbone":0,"_runtime":681,"lr_head":1.0926199633097156e-05,"f1_discolored":0.532319391634981,"recall_broken":0.44372294372294374,"recall_silkcut":0.75,"precision_broken":0.6288343558282209,"f1_broken":0.5203045685279187,"recall_pure":0.48717948717948717,"f1_silkcut":0.4351378958120531}