{"f1_discolored":0.6183282980866063,"recall_pure":0.7905982905982906,"_step":14,"confusion_matrix_table":{"path":"media/table/confusion_matrix_table_14_377512a51221b486c72c.table.json","_latest_artifact_path":"wandb-client-artifact://352yd2wmwgkm2l2fsbe0dzrvwc3wbg0v6c30zvez0puojpbtwjspwux58gyaigxp3zikaammr9v1a1s7b3wpqoogwi4t67u9q1sla1auz3vrxmcixdpenfxw0xtny2q7:latest/confusion_matrix_table.table.json","log_mode":"IMMUTABLE","size":541,"artifact_path":"wandb-client-artifact://m9ob0c371joi4pay5knteb77eb3if3lurr6qwqfp7r3eq32mk94m25nhpczclw7mqvxr5wn8eivvdnu999gn0et3yt6vgclituqul0p7wjoblg92ob0xz9lls848du1v/confusion_matrix_table.table.json","nrows":16,"_type":"table-file","sha256":"377512a51221b486c72c49e4ba6962bac1d6c69b306f3114b693a6c03ca909ff","ncols":3},"epoch":15,"recall_silkcut":0.7535211267605634,"lr_head":1.092619963309716e-07,"val_acc":0.7210195530726257,"recall_broken":0.6699134199134199,"precision_silkcut":0.5994397759103641,"precision_discolored":0.6055226824457594,"f1_broken":0.6866333887964503,"_wandb":{"runtime":946},"f1_pure":0.8075076385857705,"train_loss":0.6420002219813888,"precision_pure":0.8251561106155219,"f1_silkcut":0.6677067082683308,"_runtime":946,"lr_backbone":1.0926199633097156e-05,"val_loss":0.6954150649422374,"recall_discolored":0.6316872427983539,"precision_broken":0.7042093287827076,"_timestamp":1.777974616290493e+09}