{"recall_discolored":0.7016460905349794,"lr_backbone":1.0926199633097156e-05,"recall_silkcut":0.795774647887324,"precision_silkcut":0.7583892617449665,"val_acc":0.7943435754189944,"confusion_matrix_table":{"_latest_artifact_path":"wandb-client-artifact://9g2ts4r34b0fhaotl7sx4i2o0j5kmrzix3jsjmrkxo6m2yvte9kbmsc3cbm5fxz5ylv5d1car4w868qreati47lwdl5l2r6lxej7o5ccyfboeazz3w3i72uj9kffnc59:latest/confusion_matrix_table.table.json","artifact_path":"wandb-client-artifact://3xzbab7nodjr1hh96vzjh9bbk8hqe17hfzuaik4q8mfyo05yzx4v6wvav3p0thby4xfe63t1kmnxmuynyvu53i5i9xety62910zv51onptjxil3j0jiqfxhg2bf0hku2/confusion_matrix_table.table.json","nrows":16,"ncols":3,"size":540,"sha256":"ee388ec5c567d3ed66c7bf77e9744b4281b9ab62e993f430d18fddf42d89d6f6","path":"media/table/confusion_matrix_table_14_ee388ec5c567d3ed66c7.table.json","_type":"table-file","log_mode":"IMMUTABLE"},"_wandb":{"runtime":6230},"f1_pure":0.8619107217355028,"_timestamp":1.7778379334117992e+09,"recall_broken":0.7305194805194806,"precision_discolored":0.6647173489278753,"train_loss":0.46236693855198835,"val_loss":0.4992379183209808,"f1_silkcut":0.7766323024054983,"precision_pure":0.8418907905460473,"lr_head":1.092619963309716e-07,"_runtime":6230,"recall_pure":0.8829059829059829,"precision_broken":0.8171912832929782,"_step":14,"f1_broken":0.7714285714285715,"f1_discolored":0.6826826826826827,"epoch":15}