{"lr_backbone":0,"recall_discolored":0.6728395061728395,"_runtime":931,"train_loss":0.7185464125847729,"lr_head":1.0926199633097156e-05,"recall_silkcut":0.7887323943661971,"precision_pure":0.7524454477050414,"confusion_matrix_table":{"path":"media/table/confusion_matrix_table_14_c4e45f50e0f490ccc4bd.table.json","size":542,"ncols":3,"_type":"table-file","sha256":"c4e45f50e0f490ccc4bd78e2a19824910532452d1b3d5f6799ba0e5dc58f7914","artifact_path":"wandb-client-artifact://55oeecerdyfki305nynkrghbvgbexqged37jsir7l0hub4o9g27q7kthy17ecs5vkl7mmydr3epfqf0feahk1tyip0sk3kawk87rg69g6vtet46ffqrxhfemvfx96y3o/confusion_matrix_table.table.json","nrows":16,"_latest_artifact_path":"wandb-client-artifact://p1bx9i4qhpidx87v42u77qovg5x3gz7zif559ze53tnz642pxybiu304bfi3zuycepksy5osc26uksstxrcfm72jrjqpvtapcghgtqz5ekmbzmw2mfvuiogqiwjpfr7b:latest/confusion_matrix_table.table.json","log_mode":"IMMUTABLE"},"recall_pure":0.8547008547008547,"_timestamp":1.77796358208465e+09,"f1_pure":0.8003201280512204,"precision_discolored":0.5618556701030928,"_step":14,"epoch":15,"_wandb":{"runtime":931},"precision_silkcut":0.5258215962441315,"precision_broken":0.8349146110056926,"f1_discolored":0.6123595505617978,"f1_broken":0.6064782908339077,"recall_broken":0.47619047619047616,"val_loss":0.7583185104684457,"val_acc":0.69518156424581,"f1_silkcut":0.6309859154929578}