{"_wandb":{"runtime":688},"precision_discolored":0.4289185905224787,"recall_broken":0.3874458874458874,"lr_backbone":1.0926199633097156e-05,"val_acc":0.57018156424581,"recall_pure":0.6051282051282051,"epoch":15,"f1_broken":0.49175824175824173,"confusion_matrix_table":{"log_mode":"IMMUTABLE","path":"media/table/confusion_matrix_table_14_596076f19d6102a5d501.table.json","_latest_artifact_path":"wandb-client-artifact://fo285ata1s1sy4g4wwqnjewgo6574lvv5emjtskqseyjspbddydfw0x6ou4hzlcylgrbzsqlhfij76dp2p7wa55j6obgl5zjhsvx3ewitbzvkt6dh9wn8fr83hr8nwn0:latest/confusion_matrix_table.table.json","ncols":3,"size":544,"nrows":16,"artifact_path":"wandb-client-artifact://kibh55d2nsv60yoqbvpvom4564ldogzblbi0m88nzy836glav2avjngwep9oe5u5o49xw7naul7mohlp98w700ekgcdli00ii0uz2g88sk0sj5hrctudm6db27y6x5jn/confusion_matrix_table.table.json","sha256":"596076f19d6102a5d501051a6c36d5a6efd7f2df36c5168c9a4c7a597a6e4a9a","_type":"table-file"},"_runtime":688,"recall_discolored":0.7263374485596708,"lr_head":1.092619963309716e-07,"_timestamp":1.7779799577222667e+09,"precision_silkcut":0.35313531353135313,"precision_broken":0.6729323308270677,"_step":14,"recall_silkcut":0.7535211267605634,"f1_discolored":0.5393430099312452,"val_loss":1.0218926078780404,"f1_pure":0.683068017366136,"train_loss":0.96189124824739,"precision_pure":0.7840531561461794,"f1_silkcut":0.48089887640449436}