{"recall_discolored":0.7839506172839507,"precision_pure":0.8594687232219366,"f1_broken":0.7343653250773994,"recall_pure":0.8572649572649572,"precision_broken":0.8581765557163531,"epoch":15,"_step":14,"_wandb":{"runtime":2404},"recall_broken":0.6417748917748918,"train_loss":0.4754333853159801,"precision_discolored":0.5879629629629629,"precision_silkcut":0.7011173184357542,"recall_silkcut":0.8838028169014085,"f1_silkcut":0.7819314641744548,"f1_pure":0.8583654257595208,"_runtime":2404,"lr_backbone":1.0926199633097156e-05,"confusion_matrix_table":{"_latest_artifact_path":"wandb-client-artifact://k2i3vjqfsck2j9nwd8o5ucuscqe7ck6kenp7392ojhc57rp2scm73yfs9v7mltbbkhvfql45w4qsocatuubh9mr45o9ayv57mxlujkc6a0evdt4djs8xc4dx3sqkb9mi:latest/confusion_matrix_table.table.json","path":"media/table/confusion_matrix_table_14_6c18e2a95f2f7acfdf58.table.json","nrows":16,"ncols":3,"sha256":"6c18e2a95f2f7acfdf5842bcc81b3d2ce49d2e331861ad2ba7192fa8b59f7a26","_type":"table-file","size":539,"log_mode":"IMMUTABLE","artifact_path":"wandb-client-artifact://it0449nisfghp5th9lqlohx74mzk64sl9ak6riw83en4eeio6dppilxi7iqhuyfo8tdrdmj8qhsq86mzi8wwty9m2wv833s4s2vioh4vfruslyudlmpiwbrx2mueyici/confusion_matrix_table.table.json"},"f1_discolored":0.671957671957672,"val_acc":0.7779329608938548,"val_loss":0.5549172229607012,"_timestamp":1.777968286332962e+09,"lr_head":1.092619963309716e-07}