{"recall_silkcut":0.8556338028169014,"precision_pure":0.8502164502164502,"precision_silkcut":0.6549865229110512,"f1_pure":0.8447311827956989,"f1_discolored":0.6768642447418738,"f1_broken":0.7391304347826086,"lr_backbone":1.0926199633097156e-05,"recall_broken":0.6807359307359307,"_step":14,"precision_discolored":0.6321428571428571,"train_loss":0.49860565256158973,"precision_broken":0.8084832904884319,"confusion_matrix_table":{"_latest_artifact_path":"wandb-client-artifact://kwoafx3jy7wuzxwpq530pk73aq2w8th5myxrctm1kp6ci125k2uk0dg1u1vd8shu9s18df0p7o4qvn2qvj2o4q34pj6voq2jv9zygtua1grwob008n7t9wm0z3avxsk2:latest/confusion_matrix_table.table.json","path":"media/table/confusion_matrix_table_14_eae8dd1b0bed5361d8dd.table.json","artifact_path":"wandb-client-artifact://zavink2r96354r9j5dsqgir6lz0adlx174x7dahe475pnicbkxr5wrnbm4pnxrsl5f47vvg3tj2sqbswtgwd5gmqb247wk4cj0qh9oubu60myp4v14xulk6ttfbrnzs1/confusion_matrix_table.table.json","log_mode":"IMMUTABLE","nrows":16,"_type":"table-file","size":539,"ncols":3,"sha256":"eae8dd1b0bed5361d8dde3292cfe51caf0e38ca00711eef49e3e124dceab19a6"},"_wandb":{"runtime":1986},"lr_head":1.092619963309716e-07,"_runtime":1986,"recall_pure":0.8393162393162393,"f1_silkcut":0.7419847328244275,"recall_discolored":0.7283950617283951,"val_acc":0.770949720670391,"epoch":15,"_timestamp":1.777977732142657e+09,"val_loss":0.5984169634360841}