{"lr_backbone":1.0926199633097156e-05,"train_loss":0.6416031850008029,"f1_broken":0.6490765171503958,"_wandb":{"runtime":1028},"confusion_matrix_table":{"size":540,"nrows":16,"sha256":"46f00f948433b3b6f9f4f03d4ecc49f9088273487b080251db59624da9ef706d","artifact_path":"wandb-client-artifact://z01nsyhtclrnyeusw5rx3goieowd8xtdp0babf1z03u1uq5sfjsf9h8vxncxxm4yn55rf1z9k264i79swckbfiwamlkl77gpgaqnqgq73oyj4krjcreal0h9rscays30/confusion_matrix_table.table.json","path":"media/table/confusion_matrix_table_14_46f00f948433b3b6f9f4.table.json","log_mode":"IMMUTABLE","_type":"table-file","ncols":3,"_latest_artifact_path":"wandb-client-artifact://ovnsi9hzkll8v5s2vv3ufp82ilz6xchu4oz30parsqjj7wnmuxzumz9lj7ikyrh6r4bifzjr6r3fjnjfb5rcyvdxgb0mhwltduw5bzsh14f98ztmnuelil6i73rkzjgz:latest/confusion_matrix_table.table.json"},"_step":14,"_runtime":1028,"recall_pure":0.8290598290598291,"precision_silkcut":0.5765550239234449,"f1_silkcut":0.6866096866096866,"recall_broken":0.5324675324675324,"val_loss":0.683612074265933,"precision_discolored":0.5536547433903577,"val_acc":0.7189245810055865,"recall_discolored":0.7325102880658436,"f1_discolored":0.6306465899025686,"recall_silkcut":0.8485915492957746,"epoch":15,"_timestamp":1.7779646153145282e+09,"precision_pure":0.800990916597853,"precision_broken":0.831081081081081,"f1_pure":0.8147837043259135,"lr_head":1.092619963309716e-07}