{"f1_pure":0.7487868607689436,"f1_silkcut":0.25219941348973607,"_runtime":574,"_timestamp":1.7780639426762424e+09,"precision_pure":0.6646785950960902,"f1_discolored":0.5292929292929293,"val_loss":0.8972200494904757,"precision_discolored":0.5198412698412699,"confusion_matrix_table":{"_latest_artifact_path":"wandb-client-artifact://58n8h6e5mo9d4ts6mtrjfwn1jf1dcl0mnpj1iuhwpv8eyewlczz8v2pen632cghafsa4yq5t7vnof1ajt6cu6lctuexttntrdcm1ugdczlhgq5wgs0muyw6xqgccf9sn:latest/confusion_matrix_table.table.json","ncols":3,"nrows":16,"log_mode":"IMMUTABLE","_type":"table-file","sha256":"e3629de8ba3023bcf17e73c9afad8425b832499d24d678d18ae0d06c7ca556e8","artifact_path":"wandb-client-artifact://lme341murt2czk8rr8o4c5bnce2d1m6sm5upn8hc8srkb5kzus7dt8x1t2r4irx60kwj1i8zp3egukdrilmh31sak69fkb1fjzzmdacdlel4x0qcds3hlf99qihf50hg/confusion_matrix_table.table.json","path":"media/table/confusion_matrix_table_9_e3629de8ba3023bcf17e.table.json","size":541},"val_acc":0.6316340782122905,"_wandb":{"runtime":574},"recall_silkcut":0.15140845070422534,"precision_silkcut":0.7543859649122807,"epoch":10,"recall_discolored":0.5390946502057613,"recall_broken":0.5422077922077922,"f1_broken":0.5832363213038417,"recall_pure":0.8572649572649572,"train_loss":0.9091070250579253,"lr_backbone":0,"precision_broken":0.6309823677581864,"lr_head":0.0009690956679612421,"_step":9}