{"recall_broken":0.6028138528138528,"confusion_matrix_table":{"path":"media/table/confusion_matrix_table_8_63bd29952fb2eeb159c1.table.json","ncols":3,"_type":"table-file","sha256":"63bd29952fb2eeb159c1ed8960f352171a7375a065a2acd5eb8db5e13c9ae74c","size":542,"nrows":16,"_latest_artifact_path":"wandb-client-artifact://xcu9sfkcsj806znef0m50rusmmkfio5ebfyrm6v6hw55bzc5iwn0321aszfq9axq1sz65pytmod3hhztiun084ffx6goh6gl8nh81feiu8u78y95ciji1qhrorutqlyw:latest/confusion_matrix_table.table.json","artifact_path":"wandb-client-artifact://3gnv0i45w10jrhvzuv7jbvh21u2u2pz6usuk9p7ww2334lj5h25yydsjbwju4sgrngnemrsjgzsklgp8616cpgma16ylhj3buu2ybcg57ap8nmw45dms7ospl4rbkv2t/confusion_matrix_table.table.json","log_mode":"IMMUTABLE"},"recall_discolored":0.5802469135802469,"precision_discolored":0.5,"f1_silkcut":0.4601113172541744,"f1_broken":0.5935002663825253,"_step":8,"precision_pure":0.7545787545787546,"f1_discolored":0.5371428571428571,"precision_broken":0.5844700944386149,"val_acc":0.6239525139664804,"epoch":9,"recall_silkcut":0.43661971830985913,"train_loss":0.9551548529283022,"lr_backbone":0,"_runtime":516,"precision_silkcut":0.48627450980392156,"val_loss":0.9813813001083929,"_timestamp":1.7779359597763698e+09,"_wandb":{"runtime":516},"lr_head":0.0004477357683661734,"f1_pure":0.7285587975243147,"recall_pure":0.7042735042735043}