{"f1_pure":0.8592531801395158,"recall_pure":0.8948717948717949,"f1_silkcut":0.7697841726618705,"recall_discolored":0.7037037037037037,"precision_pure":0.8263614838200474,"f1_discolored":0.6937119675456389,"precision_broken":0.8206060606060606,"precision_discolored":0.684,"precision_silkcut":0.7867647058823529,"lr_head":9.15734806151273e-06,"epoch":16,"_runtime":2575,"train_loss":0.45789666590650663,"_step":15,"recall_broken":0.7326839826839827,"_timestamp":1.7780545209900153e+09,"lr_backbone":0.0009157348061512728,"_wandb":{"runtime":2575},"recall_silkcut":0.7535211267605634,"confusion_matrix_table":{"_type":"table-file","size":540,"log_mode":"IMMUTABLE","sha256":"ed8a2f83baa737500aaf21656dc08ebb936467c6e0a8792062a1811067887fb7","ncols":3,"artifact_path":"wandb-client-artifact://nbs0uwcf0pfo05hjzxp2qp75ws6qtdo1h86qn1ayt96da0c93m9a9v191vb0ab2zmy4jtlf5vesiu80aggbb2enzurgvfmcexq238j6da6awhcg9vecg9qfjhxbp1i8o/confusion_matrix_table.table.json","path":"media/table/confusion_matrix_table_15_ed8a2f83baa737500aaf.table.json","_latest_artifact_path":"wandb-client-artifact://uowqcvbjcoet7ly53p7tpk3pjliljyi2wuq8dlvc0q9tu1iuxooaz4v3nj0f1cev4gyxc0rkvwwb7pgu1gbv143gq4a8cufctan1ifzgu38fo03mjnn62a5two3i4uqp:latest/confusion_matrix_table.table.json","nrows":16},"f1_broken":0.7741566609491137,"val_acc":0.7960893854748603,"val_loss":0.5020606962329183}