{"f1_discolored":0.5114662960389159,"recall_silkcut":0.7253521126760564,"precision_discolored":0.3861490031479538,"precision_silkcut":0.3539518900343643,"recall_discolored":0.757201646090535,"lr_head":1.092619963309716e-07,"_timestamp":1.7779426147320356e+09,"recall_broken":0.4036796536796537,"precision_pure":0.8346456692913385,"epoch":15,"_runtime":695,"confusion_matrix_table":{"artifact_path":"wandb-client-artifact://f225abiboqlx9b5cnx3y0ufxm1w2wxg1wfhkwknlrb0zt2e4tkuvqyggcxf3f92lhuyfhekcww4ddx8tg5mafpx6y4beb1fg67v8h33b3rtp68d6xicyyalzam2xmvh3/confusion_matrix_table.table.json","_type":"table-file","size":543,"log_mode":"IMMUTABLE","sha256":"4d93d1d1f7e7101d4f50d96ee8d7766fcd9030ea34b2c2b89f38f5726503238d","nrows":16,"_latest_artifact_path":"wandb-client-artifact://zhrdtdhr2x5j0bvbhq6oewkhp4gglkiuk04zvsoruj9kr2zeluw5bf83fvr7sk39p7da30e9dtoez7i0wgsldrtu2bjc5em3dly6yq969lmvkpvv5kx68qczsudqbpdy:latest/confusion_matrix_table.table.json","ncols":3,"path":"media/table/confusion_matrix_table_14_4d93d1d1f7e7101d4f50.table.json"},"f1_silkcut":0.47575057736720555,"f1_pure":0.6583850931677019,"_step":14,"lr_backbone":1.0926199633097156e-05,"val_acc":0.5527234636871509,"f1_broken":0.500335345405768,"val_loss":0.9468727048548906,"recall_pure":0.5435897435897435,"_wandb":{"runtime":695},"train_loss":0.9228703440806695,"precision_broken":0.6578483245149912}