{"f1_pure":0.8598865124399825,"_step":14,"train_loss":0.48427798909954967,"lr_head":1.092619963309716e-07,"val_loss":0.5243097623633273,"_wandb":{"runtime":5159},"f1_silkcut":0.7776096822995462,"f1_broken":0.750599520383693,"epoch":15,"_runtime":5159,"precision_silkcut":0.6816976127320955,"recall_silkcut":0.9049295774647887,"recall_discolored":0.7716049382716049,"recall_broken":0.6774891774891775,"lr_backbone":1.0926199633097156e-05,"f1_discolored":0.6768953068592057,"recall_pure":0.8418803418803419,"val_acc":0.7831703910614525,"precision_discolored":0.6028938906752411,"precision_broken":0.8413978494623656,"precision_pure":0.8786797502230151,"confusion_matrix_table":{"artifact_path":"wandb-client-artifact://n21beqm3fdulfqwn5or489mq92ghdl5fo8tdkvzaxdn2npoeeivrllxufw4tkcxhtl9kqrmxc2qngi318oe4jrhzlxneyljbnsh1fkrd0gp52zzil5h9tqj3kmn64yqi/confusion_matrix_table.table.json","nrows":16,"ncols":3,"size":537,"_type":"table-file","path":"media/table/confusion_matrix_table_14_4c08debd8c5c73c76b4b.table.json","sha256":"4c08debd8c5c73c76b4b02dd541a987cfa280e3ab0853fb2a8f640533d0d59b5","log_mode":"IMMUTABLE","_latest_artifact_path":"wandb-client-artifact://ock1qt1a63p3ag98bgabbm6sszi3tu797syp6narbviuof5pifywr5fa5b8r9kd1k1pz3ga225yxrsnibm8mlu7ql6bla5bygignnfz7xig4la9x4r7ofc66sdyuo2f7:latest/confusion_matrix_table.table.json"},"_timestamp":1.7779354390203214e+09}