{"val_loss":0.7673964447149352,"lr_backbone":1.0926199633097156e-05,"confusion_matrix_table":{"_type":"table-file","path":"media/table/confusion_matrix_table_14_fbb987548173d81700d3.table.json","size":542,"log_mode":"IMMUTABLE","artifact_path":"wandb-client-artifact://1arltq2748grfmryeamrbj7z7depf0i34rmvwcigeqr8kj8mco09r8c7f47hlbm4gu9sw60nks05zse522gugupc70sbslgrqjfjnckn5evzlln18hdo2qy7icbj4su4/confusion_matrix_table.table.json","nrows":16,"_latest_artifact_path":"wandb-client-artifact://1xm2iuy13uveffasu38o3hubwdlffu4shnjof0l89z9qcdi4f1wzj6nngybr7ub5bfwzp68rxwyhavomx5kzzglv74m1bdci4dkh1fgjprkm76ly1kkg4iukjdpgeovb:latest/confusion_matrix_table.table.json","ncols":3,"sha256":"fbb987548173d81700d3d46cb36d32bc7e173b4d7856e35d27f9904ff90531f2"},"precision_silkcut":0.5941422594142259,"_step":14,"recall_pure":0.8017094017094017,"lr_head":1.092619963309716e-07,"recall_broken":0.6320346320346321,"f1_pure":0.7793934358122144,"precision_pure":0.7582861762328214,"_wandb":{"runtime":740},"f1_broken":0.6478092068774265,"epoch":15,"recall_discolored":0.5823045267489712,"precision_broken":0.664391353811149,"f1_discolored":0.5688442211055277,"val_acc":0.67981843575419,"recall_silkcut":0.5,"f1_silkcut":0.5430210325047801,"_timestamp":1.777847133647661e+09,"train_loss":0.781105032119478,"precision_discolored":0.555992141453831,"_runtime":740}