{"f1_silkcut":0.7262569832402235,"precision_broken":0.8557377049180328,"precision_discolored":0.5360544217687074,"_timestamp":1.7779892059865892e+09,"f1_broken":0.6805736636245111,"f1_pure":0.8382809038546744,"val_acc":0.7409217877094972,"train_loss":0.38509488536760555,"recall_silkcut":0.9154929577464789,"confusion_matrix_table":{"ncols":3,"size":539,"_latest_artifact_path":"wandb-client-artifact://wu1tufvsgldsnqxf1myjw02ugo4t8l5qqlcnv47q5sdd3vlmsuh1dvdakvta8hpov6z88cve5v0r71q7z78xoobnhvfybi786h6y969p6j12dxpkkkp98mu1ty3y5fek:latest/confusion_matrix_table.table.json","sha256":"7736f4fcf96d4cd11361695a2f594a4d0d75fd945609ac7fd69c6c387ff0265d","path":"media/table/confusion_matrix_table_10_7736f4fcf96d4cd11361.table.json","nrows":16,"_type":"table-file","log_mode":"IMMUTABLE","artifact_path":"wandb-client-artifact://iuf7f6am87nvhzr7mh6c1v2l4vrs7qo04binwjubjjmatbdtie9pm8pxm4ljhewuya6o5i1fq9qt2oiy0dnzhau2xx6uwyshz8hlj1tfzvon3d5bfht1ygo0recqzbg8/confusion_matrix_table.table.json"},"epoch":11,"val_loss":0.5855052316322007,"lr_head":2.500000000000002e-06,"_wandb":{"runtime":1767},"recall_pure":0.8085470085470086,"lr_backbone":0.0002500000000000001,"precision_pure":0.8702851885924563,"recall_broken":0.564935064935065,"f1_discolored":0.6453726453726454,"recall_discolored":0.8106995884773662,"_runtime":1767,"precision_silkcut":0.6018518518518519,"_step":10}