{"f1_broken":0.7227722772277227,"recall_broken":0.6320346320346321,"confusion_matrix_table":{"ncols":3,"artifact_path":"wandb-client-artifact://w2n9eej5jd4qu59xh7mux6vtmzhc2qndi5vnplj1g6dvehbouznh4cpn234b0dmbb6yaqlhv3nzeaw1ehjqrzas3zjxpg3730msomkpdgq2ehfjj45agxzwkxh740xn8/confusion_matrix_table.table.json","size":540,"log_mode":"IMMUTABLE","_type":"table-file","path":"media/table/confusion_matrix_table_12_a42ff7270087efd817ba.table.json","sha256":"a42ff7270087efd817baf3a2aa09316ad9d8349c1b6a61076dd39d55add5e43f","_latest_artifact_path":"wandb-client-artifact://eug8fbt2at45k2206l1fwi9rs404sckjpgp6rjkug44u31x3t8v0tilv3yqrrmp4ngny0p2nd1ubv7blcoiied7j352dxqb6h6tti25lrvfwhd8wwvr4cvuo455ftfz3:latest/confusion_matrix_table.table.json","nrows":16},"precision_silkcut":0.6880222841225627,"precision_discolored":0.5791925465838509,"_step":12,"lr_head":9.549150281252635e-07,"_timestamp":1.777965878818129e+09,"precision_pure":0.853721129170231,"recall_silkcut":0.8697183098591549,"f1_pure":0.8533561351004703,"_wandb":{"runtime":1258},"precision_broken":0.8439306358381503,"lr_backbone":9.549150281252631e-05,"train_loss":0.49941213402703993,"recall_pure":0.852991452991453,"f1_discolored":0.6601769911504425,"val_acc":0.7688547486033519,"_runtime":1258,"epoch":13,"recall_discolored":0.7674897119341564,"f1_silkcut":0.7682737169517885,"val_loss":0.5635202067524361}