{"precision_discolored":0.5178316690442225,"recall_broken":0.5075757575757576,"train_loss":0.529452912136197,"val_loss":0.7806340632491937,"precision_silkcut":0.41214057507987223,"f1_silkcut":0.567032967032967,"recall_silkcut":0.9084507042253521,"f1_pure":0.7547892720306514,"lr_head":4.3227271178699523e-07,"epoch":14,"_runtime":886,"recall_pure":0.6735042735042736,"f1_broken":0.6079066753078418,"lr_backbone":4.322727117869951e-05,"precision_broken":0.7576736672051696,"recall_discolored":0.7469135802469136,"confusion_matrix_table":{"_type":"table-file","log_mode":"IMMUTABLE","ncols":3,"sha256":"fd122eaa5f15b25acc945de9fca5632b71ce6bca09ecf8d06ae84b24fc9bac88","nrows":16,"path":"media/table/confusion_matrix_table_13_fd122eaa5f15b25acc94.table.json","size":543,"_latest_artifact_path":"wandb-client-artifact://n2zndq5ck2tgpg4wf36zdywme8i2z17e3fkmurscojggemohi8zc5if46stpnapxzq1mbtdoh3totjoluqqh9k65s0k8wo9jctk720p2sr1g11hmmmotvawx5kfnvprs:latest/confusion_matrix_table.table.json","artifact_path":"wandb-client-artifact://93q1ezeqwovxdgaedli9m2f1mullv0nus224ey7ulf9zhsmtl16eb77h0nb5cvvqfybe8mg3qwn8jk6xmhrpdha4ca9ua59b9m2mpthx6ioq8g8jeb1eeosypl3mxybf/confusion_matrix_table.table.json"},"_timestamp":1.777996557881714e+09,"_step":13,"val_acc":0.6557262569832403,"precision_pure":0.8583877995642701,"_wandb":{"runtime":886},"f1_discolored":0.611625947767481}