{"_runtime":1455,"recall_broken":0.525974025974026,"val_acc":0.7192737430167597,"precision_broken":0.8725314183123878,"val_loss":0.6210263208304038,"lr_backbone":1.0926199633097156e-05,"precision_pure":0.8781431334622823,"recall_pure":0.7760683760683761,"precision_silkcut":0.5615550755939525,"lr_head":1.092619963309716e-07,"_step":14,"f1_discolored":0.6265432098765432,"_timestamp":1.7779874337645776e+09,"recall_discolored":0.8353909465020576,"train_loss":0.3962818775660893,"precision_discolored":0.5012345679012346,"_wandb":{"runtime":1455},"epoch":15,"f1_broken":0.6563133018230926,"f1_silkcut":0.6961178045515395,"recall_silkcut":0.9154929577464789,"f1_pure":0.8239564428312159,"confusion_matrix_table":{"artifact_path":"wandb-client-artifact://yslc00vv56bje329igippvjchrcp3waa4uql4lt6xqfj99uj3854ckav0btxwlnhy0paxvqb13soa914r7fkz1ez65ki3zrawimi3tr45sz7qjza730gtui6kpq0b8xd/confusion_matrix_table.table.json","nrows":16,"size":539,"path":"media/table/confusion_matrix_table_14_93ccb409abccd116f7f0.table.json","log_mode":"IMMUTABLE","_latest_artifact_path":"wandb-client-artifact://69wpju36aqgugxa0b09ch1iov4gr6zik1hnl7nsd2q5aojtwzyw7uaz39u0yjzcqnithtkal94vco0jaouencnnj32lembc2vdrh9u0vgcl5ym9obe5b8pe5xe74z61m:latest/confusion_matrix_table.table.json","sha256":"93ccb409abccd116f7f0abc341cf8a8fd43b9241df6f1df8e1da15f01266d851","_type":"table-file","ncols":3}}