{"lr_backbone":1.0926199633097156e-05,"confusion_matrix_table":{"_type":"table-file","size":540,"_latest_artifact_path":"wandb-client-artifact://motohti75niv4n6zisa73tv1khikyuls11318t2hwhyyc0nmzk1urvsswv74nctd1cg16sxsbfrqtt99w5e0fb9kv0jdefik474dlgu0zpkdqa8qhcw54kcfes99x9hu:latest/confusion_matrix_table.table.json","sha256":"9581301596e32d88d26d2e61851a9e1ad7ccc436d9d0e99f5ce902f3a1a64cf2","log_mode":"IMMUTABLE","artifact_path":"wandb-client-artifact://gqp108u528usyj8kl57j06sen24ywc76g2v94m2ji2a0d9yxoljf7japjt5yhg78aga6t38aku9q4wjgjit0iwz94eis5j7v7vpov5ccg926s0o33hz640q98qv85g1n/confusion_matrix_table.table.json","nrows":16,"path":"media/table/confusion_matrix_table_14_9581301596e32d88d26d.table.json","ncols":3},"recall_silkcut":0.7535211267605634,"epoch":15,"lr_head":1.092619963309716e-07,"precision_silkcut":0.7328767123287672,"recall_pure":0.9017094017094017,"f1_pure":0.8528698464025869,"val_acc":0.7814245810055865,"_timestamp":1.777841162447937e+09,"recall_broken":0.6915584415584416,"precision_pure":0.8090490797546013,"f1_discolored":0.676923076923077,"_step":14,"recall_discolored":0.6790123456790124,"_wandb":{"runtime":1218},"train_loss":0.5247167000430981,"precision_broken":0.8202824133504493,"val_loss":0.5718669335269395,"f1_broken":0.7504403992953611,"_runtime":1218,"precision_discolored":0.6748466257668712,"f1_silkcut":0.7430555555555556}