{"epoch":15,"val_loss":0.6002629112930937,"_step":14,"_timestamp":1.7779380159224992e+09,"precision_silkcut":0.6567567567567567,"f1_silkcut":0.7431192660550459,"precision_discolored":0.6555772994129159,"f1_discolored":0.6720160481444333,"precision_broken":0.7824074074074074,"recall_discolored":0.6893004115226338,"lr_head":1.092619963309716e-07,"_wandb":{"runtime":1106},"f1_pure":0.8422892092616864,"lr_backbone":1.0926199633097156e-05,"recall_pure":0.8239316239316239,"train_loss":0.55240402902727,"confusion_matrix_table":{"_type":"table-file","artifact_path":"wandb-client-artifact://a3clop4h5oxdusa9zcd616tzvabrqozx0pv82v3qmx4f4h0jv41yrpzvmx6h4eqo3jxqfynwrmw8fru3bnfr1t6h0z190j0ttbyoaphm8jfg3uaw6rnt6m2g60hh6ep5/confusion_matrix_table.table.json","ncols":3,"nrows":16,"path":"media/table/confusion_matrix_table_14_8ec811eb70bb098b538f.table.json","log_mode":"IMMUTABLE","size":538,"_latest_artifact_path":"wandb-client-artifact://a3ez72yw9izl2kpdxfdr38w078cklenqg4xwsufeo60dreu7xp1qrjurj3o6pzzfhckouo47va8y38ioo3xqfqopzf98jafbxaz5ggl9fkeyz5uq7gyxk8nfalto1pw5:latest/confusion_matrix_table.table.json","sha256":"8ec811eb70bb098b538fca799bf44f7fc206104beafd26a008c1ce9cd3be9476"},"recall_silkcut":0.8556338028169014,"_runtime":1106,"f1_broken":0.756152125279642,"val_acc":0.7744413407821229,"recall_broken":0.7316017316017316,"precision_pure":0.8614834673815907}