{"_timestamp":1.777925360211059e+09,"precision_discolored":0.5594059405940595,"lr_backbone":0,"precision_silkcut":0.547979797979798,"f1_broken":0.6414108425865448,"train_loss":0.7374261510915252,"epoch":15,"lr_head":1.0926199633097156e-05,"confusion_matrix_table":{"path":"media/table/confusion_matrix_table_14_2f49abffe622af510e6f.table.json","artifact_path":"wandb-client-artifact://b0lqafv43mx9c3nask31tt5mnt4n32pcehbaixc5dec8qqg40blcm45z64jof7cccjvfb40h16hduigu2gopuolcs1di3qke0f2a1d3st73bh6uf9odpips7bkhbup6g/confusion_matrix_table.table.json","_type":"table-file","nrows":16,"size":540,"log_mode":"IMMUTABLE","_latest_artifact_path":"wandb-client-artifact://lm1jyfgh8getmkyv3l8q2b3noycxd3d9rfc0oynj9pp86udic1rmmlslrcbdt07bw6jh7bm87lpdelpaocjjho8qh99wcxrk6wm38o6621zimja5hcqf37ms8hc5mp5v:latest/confusion_matrix_table.table.json","ncols":3,"sha256":"2f49abffe622af510e6f4db4735fb2c84cd6f69a533e7621627d578b70a29098"},"recall_silkcut":0.7640845070422535,"precision_pure":0.7856573705179283,"val_acc":0.7098463687150838,"precision_broken":0.8088962108731467,"_runtime":945,"f1_discolored":0.6208791208791209,"val_loss":0.7395675991500557,"recall_discolored":0.6975308641975309,"recall_broken":0.5313852813852814,"f1_silkcut":0.638235294117647,"_step":14,"f1_pure":0.8131958762886597,"recall_pure":0.8427350427350427,"_wandb":{"runtime":945}}