{"f1_silkcut":0.4927007299270073,"f1_broken":0.5555555555555556,"confusion_matrix_table":{"path":"media/table/confusion_matrix_table_14_cf0b541e9d36a2b84995.table.json","size":541,"_type":"table-file","artifact_path":"wandb-client-artifact://030m62gsa8cqh08s3adfwov115bbg07mfhg3z56uxeyerl27fm1ohvv4i872a1r79tsfaekhamgmafot1z96q6cbhgvp5s4lpkn8mid5084gx49iilxn0b5lte8jagxg/confusion_matrix_table.table.json","_latest_artifact_path":"wandb-client-artifact://1l2gk96psh1nl9n7ohw5tc2fwjjby6umnor3eq4wsjygsxposcwqv0s74995iwpsbkpk2dqljcbd4ef3ax9uxaxv4ucrmysi3f05erbvn4eciirp0n5w44rkuhfdbz8i:latest/confusion_matrix_table.table.json","nrows":16,"ncols":3,"log_mode":"IMMUTABLE","sha256":"cf0b541e9d36a2b849952eebf2885cd9e3bf33983e7b623f7c32e32f85798250"},"_timestamp":1.7778463897838888e+09,"_wandb":{"runtime":696},"lr_backbone":1.0926199633097156e-05,"train_loss":0.8645473760051198,"val_acc":0.638268156424581,"_runtime":696,"precision_pure":0.6882393876130828,"lr_head":1.092619963309716e-07,"recall_discolored":0.5740740740740741,"f1_pure":0.7587265055619486,"precision_broken":0.7013201320132013,"precision_discolored":0.5008976660682226,"f1_discolored":0.5349952061361457,"recall_silkcut":0.4753521126760563,"precision_silkcut":0.5113636363636364,"epoch":15,"_step":14,"recall_broken":0.45995670995670995,"recall_pure":0.8452991452991453,"val_loss":0.8533269719704569}