{"precision_broken":0.695906432748538,"_timestamp":1.7779806581459644e+09,"f1_pure":0.7070992007522332,"lr_backbone":1.0926199633097156e-05,"lr_head":1.092619963309716e-07,"_runtime":696,"val_acc":0.5837988826815642,"f1_discolored":0.532069970845481,"confusion_matrix_table":{"_latest_artifact_path":"wandb-client-artifact://f8ep3sxx9ruv58soft0zo37rfvqwigflb4s9igt151kd7h5u5sffzob3cw2nj3rjw48ahye02th6v7hk4yljitm069ijxt4cpjriskd47u708yb8ryl6h1v5xb5j1xju:latest/confusion_matrix_table.table.json","ncols":3,"log_mode":"IMMUTABLE","nrows":16,"sha256":"42bf23c74f7c9fc4146b3e8e4622343aa1643f806bad4a0f2b8fb30ac5e4b981","path":"media/table/confusion_matrix_table_14_42bf23c74f7c9fc4146b.table.json","size":544,"_type":"table-file","artifact_path":"wandb-client-artifact://edegigmmnz4o5ldot5ibzg6zuz6eeitdtskbbgk96wikbrxbpdpp8kl3o80iycbufhopeocufy3xkb7h9ryibyypi10ylm6s0xhkce33h1igff3qxoj9seh1owpst18k/confusion_matrix_table.table.json"},"precision_pure":0.7857889237199582,"f1_broken":0.4968684759916493,"recall_silkcut":0.6971830985915493,"precision_discolored":0.41196388261851014,"val_loss":0.9857082543426385,"f1_silkcut":0.5,"epoch":15,"train_loss":0.9094999591745325,"recall_pure":0.6427350427350428,"_wandb":{"runtime":696},"_step":14,"recall_broken":0.38636363636363635,"recall_discolored":0.7510288065843621,"precision_silkcut":0.38976377952755903}