{"precision_broken":0.6885593220338984,"val_loss":0.6859161354310019,"_timestamp":1.777849080462744e+09,"lr_head":1.092619963309716e-07,"recall_pure":0.8008547008547009,"precision_pure":0.8070628768303187,"_step":14,"val_acc":0.7164804469273743,"_runtime":1942,"recall_silkcut":0.5915492957746479,"precision_discolored":0.6136363636363636,"recall_broken":0.7034632034632035,"f1_silkcut":0.6010733452593918,"train_loss":0.6948784136776317,"precision_silkcut":0.610909090909091,"f1_pure":0.803946803946804,"lr_backbone":1.0926199633097156e-05,"_wandb":{"runtime":1942},"epoch":15,"f1_discolored":0.6123711340206186,"confusion_matrix_table":{"artifact_path":"wandb-client-artifact://mra6dg75pzt5oceqjfuirsjt4zmek6ojxr5ex3ygorgh18cq22ljr7powvivaaq4e8vxdkfrkarh3ojv9417aat3yndgdbaax9jg0jlc4x8a5doz8g67vywxqz7gd5hl/confusion_matrix_table.table.json","nrows":16,"ncols":3,"size":542,"log_mode":"IMMUTABLE","path":"media/table/confusion_matrix_table_14_c1a21c2eb9473879627b.table.json","_type":"table-file","sha256":"c1a21c2eb9473879627b8f209085514b792a387ddcf372bf7a9b1213289fd5f6","_latest_artifact_path":"wandb-client-artifact://ks7xwvovcosyh4khy9rokvetj08jv17bcze351orjajpb9rmvl02p2p3g2von0e6xhzresg6jbo4jw20rn7je9uim2lvn6rvxh9ixna8ysj4xglc36n65tm0hxlg46gn:latest/confusion_matrix_table.table.json"},"f1_broken":0.69593147751606,"recall_discolored":0.6111111111111112}