{"lr_backbone":0,"confusion_matrix_table":{"_type":"table-file","sha256":"defc0c7044f1d05f80ba42c893673d6b8bc78373b945835122b801c0c78b60bd","log_mode":"IMMUTABLE","artifact_path":"wandb-client-artifact://x9sqw8hkh6msoew2lxqruxzfo8rmgsvx1cs64i0ar4y0uf9s6gl3zlwcvfm2l996x3bc5rz3u4s1678v6170htoov8wg8g3qpbiqwelvwpa4n82x6chdvyvo54ddxsry/confusion_matrix_table.table.json","size":544,"ncols":3,"nrows":16,"path":"media/table/confusion_matrix_table_14_defc0c7044f1d05f80ba.table.json","_latest_artifact_path":"wandb-client-artifact://uhkw7sajgz0y9nmrrg9reu505tehcd2e4oe0y4g7g3bq0fzpnmfntgyrjf4vlhrgl2hx2q3sj5l457t9s743y080hc76cbjxdzgbaiqtgn0sqxhd57ei9kv7cayckuno:latest/confusion_matrix_table.table.json"},"_wandb":{"runtime":864},"recall_discolored":0.7222222222222222,"f1_silkcut":0.4386792452830189,"_runtime":864,"precision_pure":0.7798165137614679,"epoch":15,"f1_discolored":0.5227103499627699,"recall_silkcut":0.6549295774647887,"precision_silkcut":0.32978723404255317,"lr_head":1.0926199633097156e-05,"val_acc":0.553072625698324,"recall_broken":0.3971861471861472,"train_loss":0.7844249083538458,"precision_discolored":0.40956826137689617,"precision_broken":0.6427320490367776,"_step":14,"f1_pure":0.6660137120470128,"f1_broken":0.4909698996655518,"recall_pure":0.5811965811965812,"_timestamp":1.7780000021091363e+09,"val_loss":0.9681961569706155}