{"f1_broken":0.6843403205918619,"recall_discolored":0.5637860082304527,"recall_silkcut":0.5105633802816901,"precision_broken":0.7951289398280802,"lr_head":1.0926199633097156e-05,"f1_discolored":0.5995623632385121,"_step":14,"lr_backbone":0,"_runtime":944,"precision_discolored":0.6401869158878505,"train_loss":0.7077055204640843,"_wandb":{"runtime":944},"_timestamp":1.7778268379442675e+09,"confusion_matrix_table":{"_latest_artifact_path":"wandb-client-artifact://vmnkoo7682jrbo82v91cpwizbdzsny4g0v3mr3lnqq9btw7pjejd7ptkdw8efrgt9o8mxmzbtdcth8x5w2hjd56p8johdvxk4sgdke85fq4hxg1h2atm1l02innam072:latest/confusion_matrix_table.table.json","artifact_path":"wandb-client-artifact://5t30lh0mwxr02yspu9z58heui4r15i78gmrzklcmk951chmr98kad8vrselmmrhp4r90iyim33c0rh555cseu9ddobr9o1fyfa2ofkaon8m53c0d7wzrloc0qixldlae/confusion_matrix_table.table.json","size":541,"_type":"table-file","ncols":3,"sha256":"9c116ae73f8d691f1f446e25f1856ba26cf2eca3cf27a0fea08b878afa7f1491","nrows":16,"log_mode":"IMMUTABLE","path":"media/table/confusion_matrix_table_14_9c116ae73f8d691f1f44.table.json"},"f1_silkcut":0.5765407554671969,"recall_pure":0.911965811965812,"precision_pure":0.7024358130348913,"recall_broken":0.6006493506493507,"f1_pure":0.793603570100409,"val_acc":0.7126396648044693,"val_loss":0.6936139314534278,"epoch":15,"precision_silkcut":0.6621004566210046}