{"precision_discolored":0.6363636363636364,"recall_discolored":0.5761316872427984,"val_loss":0.6242529583376879,"_timestamp":1.7778278664196298e+09,"f1_broken":0.7045720984759671,"precision_silkcut":0.7543103448275862,"lr_head":1.092619963309716e-07,"f1_discolored":0.6047516198704104,"train_loss":0.6285531717625837,"val_acc":0.7356843575418994,"recall_broken":0.6504329004329005,"_runtime":1024,"f1_silkcut":0.6782945736434108,"_wandb":{"runtime":1024},"lr_backbone":1.0926199633097156e-05,"precision_pure":0.7453900709219858,"precision_broken":0.768542199488491,"f1_pure":0.8147286821705426,"_step":14,"recall_pure":0.8982905982905983,"epoch":15,"confusion_matrix_table":{"path":"media/table/confusion_matrix_table_14_94770c19a18526fa4567.table.json","_latest_artifact_path":"wandb-client-artifact://6zi3vjia62opewecnfb11489bxt2h0u5nrpl3wpikk2dxb3438v7lntxt0m4msbmt8dnz4m2ws2ms9yvzuu0w1qqxhzlco6ngup2mql3jhlidwdmb66mghscytw0zzeg:latest/confusion_matrix_table.table.json","nrows":16,"size":541,"sha256":"94770c19a18526fa45671bfce31931ee1a1058bcf0afa7398a5de7593687b2d6","log_mode":"IMMUTABLE","artifact_path":"wandb-client-artifact://ick36hq2dun5voum3yjb8pzoo1sbn7gfs5mnh3wemrfco34tn81yvtrebvd2cwmbqcb2wttp0smf5xqi7k2s33a39no5nwu62le62i514w9555cdg2oe4bhhxibag6up/confusion_matrix_table.table.json","_type":"table-file","ncols":3},"recall_silkcut":0.6161971830985915}