{"_step":14,"f1_broken":0.3794466403162055,"precision_discolored":0.38531073446327685,"f1_discolored":0.4974471188913202,"_runtime":752,"lr_backbone":1.0926199633097156e-05,"recall_discolored":0.7016460905349794,"recall_broken":0.2597402597402597,"_wandb":{"runtime":752},"confusion_matrix_table":{"ncols":3,"log_mode":"IMMUTABLE","artifact_path":"wandb-client-artifact://jzyaptmkqxb1s09nmpcdnx0jtghc2yx74fmk2gwlieyql51d3holh8iegkhjpejn7freukqd9flo3tought9iot379ypnplowjvopf4hma0jk2pssrlkxf0em3ff5lgx/confusion_matrix_table.table.json","size":542,"nrows":16,"_latest_artifact_path":"wandb-client-artifact://swfhczn9fdemdmyyz62qha7wyl0b3uhyu3aoa2fy3zhsx1lbq0gikt2gr6vq2xwslkne75uw51c05rci6fkn6ttk13jjmp69ksvp1d1kzckxnzop5o9zhy8kkun99dp0:latest/confusion_matrix_table.table.json","_type":"table-file","sha256":"f10a5aff4ecd7c7bd7bc7d70b9e7d4de782e9910bfc748e43e24b393d12da637","path":"media/table/confusion_matrix_table_14_f10a5aff4ecd7c7bd7bc.table.json"},"_timestamp":1.77800131117854e+09,"precision_pure":0.8006279434850864,"val_acc":0.4682262569832402,"lr_head":1.092619963309716e-07,"val_loss":1.0342782226354716,"recall_silkcut":0.8802816901408451,"f1_silkcut":0.38910505836575876,"train_loss":0.8125684463784298,"f1_pure":0.5644714997232982,"precision_silkcut":0.24975024975024976,"epoch":15,"recall_pure":0.4358974358974359,"precision_broken":0.7038123167155426}