{"val_loss":0.8497667682237465,"_timestamp":1.778005229109132e+09,"f1_silkcut":0.5014464802314368,"_runtime":2372,"_step":14,"precision_discolored":0.4197396963123644,"confusion_matrix_table":{"log_mode":"IMMUTABLE","_latest_artifact_path":"wandb-client-artifact://wlb6sjh6wbzt0zdjp6bws0sx9lupeeij21b4hbvbxv7cgowoj0d9i4qtcrh8gd382ckrwc4hu9utl3g0b4fo9h07gg1qp9e36wk8tp6ht1mty81l23no5cxfiwb3soj8:latest/confusion_matrix_table.table.json","ncols":3,"path":"media/table/confusion_matrix_table_14_144290605b0477411bcc.table.json","size":541,"sha256":"144290605b0477411bccf3190f82cfe6a642a22826b28a81a8137c4e4eb71214","nrows":16,"_type":"table-file","artifact_path":"wandb-client-artifact://50vr9c1gf51oa9l45itserwp35lidwuyf0ugk878mrnma5kvdv7y9811cxt0qzxzim2zh5pulvmtetgof1dbpqjadyhfyyu2xyd50u9v3agrt2p7abzjteefw491bwhr/confusion_matrix_table.table.json"},"f1_discolored":0.5497159090909091,"recall_silkcut":0.9154929577464789,"recall_broken":0.33874458874458874,"recall_pure":0.5769230769230769,"precision_silkcut":0.3452855245683931,"epoch":15,"_wandb":{"runtime":2372},"lr_head":1.092619963309716e-07,"train_loss":0.5884317041671095,"precision_pure":0.8416458852867831,"f1_broken":0.4774980930587338,"lr_backbone":1.0926199633097156e-05,"val_acc":0.5708798882681564,"f1_pure":0.6845841784989858,"recall_discolored":0.7962962962962963,"precision_broken":0.8087855297157622}