{"_step":14,"f1_discolored":0.4522207267833109,"recall_discolored":0.345679012345679,"f1_broken":0.6068515497553018,"train_loss":0.8619106057676934,"precision_pure":0.6530872056015277,"lr_backbone":0,"val_acc":0.6396648044692738,"precision_discolored":0.6536964980544747,"f1_silkcut":0.3950617283950617,"confusion_matrix_table":{"_latest_artifact_path":"wandb-client-artifact://ldsppw96mirocmj5kzjmjo27ye90lzxxf2ds1p7bxvkfixcde3mbs20euv6fkj0zn6fojncact13pgv8ue136a4eu4y484nvgagvsp9o7ku1gtjs2p29dl2iu9rtvq92:latest/confusion_matrix_table.table.json","size":542,"_type":"table-file","path":"media/table/confusion_matrix_table_14_021c59c1b27f867eb78b.table.json","artifact_path":"wandb-client-artifact://lmwnpjh4lsdbqttzi4x8l6ind4rjr9otqraxo74yw5ii625bq8lbwsdwq7vuheiq0bsebvht2x1qffiv0s1nf9lddtaj0i0iy59hcmbvjhu770sqycial6x43vs8tqjw/confusion_matrix_table.table.json","ncols":3,"sha256":"021c59c1b27f867eb78b97d1038a6de185fae87f9733f97e46a8172d3e914106","nrows":16,"log_mode":"IMMUTABLE"},"recall_broken":0.6038961038961039,"epoch":15,"precision_silkcut":0.6611570247933884,"_runtime":863,"recall_silkcut":0.28169014084507044,"precision_broken":0.6098360655737705,"recall_pure":0.8769230769230769,"f1_pure":0.7486318861729296,"_timestamp":1.7778443109677637e+09,"_wandb":{"runtime":863},"lr_head":1.0926199633097156e-05,"val_loss":0.874844725904518}