{"recall_broken":0.6341991341991342,"precision_silkcut":0.7020057306590258,"_timestamp":1.7779278635285697e+09,"lr_head":1.092619963309716e-07,"f1_discolored":0.6781818181818182,"f1_silkcut":0.7740916271721959,"_step":14,"recall_discolored":0.7674897119341564,"_runtime":1449,"recall_pure":0.8675213675213675,"precision_discolored":0.6074918566775245,"val_loss":0.5525338946108046,"f1_pure":0.8561788274989456,"_wandb":{"runtime":1449},"confusion_matrix_table":{"nrows":16,"_type":"table-file","size":541,"ncols":3,"path":"media/table/confusion_matrix_table_14_37b63aa764ab0d554d51.table.json","_latest_artifact_path":"wandb-client-artifact://3bftukuy6k11bowcwkinnf2onstygpetm257b4obgba8vu6yb047hu4zpsd3ta244vuq1f8wndmkegrbj1zsajz8stz9h6ar3u2dhsh5nxkhn8tde49kap8wz2ekex03:latest/confusion_matrix_table.table.json","log_mode":"IMMUTABLE","artifact_path":"wandb-client-artifact://vntasrnca1bs8h5cdlfc8f5qcsk8z8p6ji3lfnp7baumroqk5kgwnrak09xdken91ya9vsgujzdz50f2oe85mpohjmd0sprolebq7hun3nyzq571k4c9z7dtc3qzskx3/confusion_matrix_table.table.json","sha256":"37b63aa764ab0d554d51244223334b180b9d00618816469aff0df5a4bb608e36"},"epoch":15,"precision_broken":0.8371428571428572,"train_loss":0.5196533489196603,"recall_silkcut":0.8626760563380281,"f1_broken":0.7216748768472906,"lr_backbone":1.0926199633097156e-05,"val_acc":0.7747905027932961,"precision_pure":0.8451290591174022}