{"precision_pure":0.8384030418250951,"_timestamp":1.7780005542866328e+09,"f1_pure":0.5200471698113207,"f1_broken":0.33056478405315615,"_wandb":{"runtime":547},"lr_head":0.00016543469682057103,"_runtime":547,"epoch":12,"_step":11,"recall_broken":0.21536796536796537,"f1_discolored":0.4565345949142519,"precision_silkcut":0.2672919109026964,"recall_pure":0.3769230769230769,"precision_broken":0.7107142857142857,"val_loss":1.0748382800118217,"train_loss":0.8417280402810271,"recall_silkcut":0.8028169014084507,"val_acc":0.4378491620111732,"lr_backbone":0,"precision_discolored":0.3203319502074689,"recall_discolored":0.7942386831275721,"confusion_matrix_table":{"ncols":3,"sha256":"ba09d91bdfb10c289e1fba4122028c93dd60abf5a2ae79bd2d439b2db2bc55cf","size":539,"artifact_path":"wandb-client-artifact://7xxi3qf4hgvu8atn2jaeb2q9bm1ydmg9zfpdh1app2lmj7nfsereqofozjhpm728zqehxtbtt3d3ndrb4lxwf3jjd4w9opmio0b67gbohv5odm87xyz4bi1b8t0g4o1e/confusion_matrix_table.table.json","_type":"table-file","log_mode":"IMMUTABLE","nrows":16,"path":"media/table/confusion_matrix_table_11_ba09d91bdfb10c289e1f.table.json","_latest_artifact_path":"wandb-client-artifact://nd2jk8adksjhdhnhfb6i6ehpsmjc1l2to3d2m2qmjqg0rov1j6evw6nu3i0nmp04bvrov3511vh8xyg9f3ucnwoqk1bzjr2apvngr122tmhxe87wz5ki398v8yvrb0nr:latest/confusion_matrix_table.table.json"},"f1_silkcut":0.40105540897097625}