{"precision_discolored":0.375,"lr_head":4.322727117869951e-05,"val_acc":0.5478351955307262,"recall_discolored":0.7777777777777778,"f1_discolored":0.5060240963855421,"lr_backbone":0,"val_loss":1.0511290454331723,"f1_broken":0.44315713251267197,"_timestamp":1.7779792652953272e+09,"epoch":14,"f1_silkcut":0.4758364312267658,"_runtime":639,"precision_pure":0.791095890410959,"recall_silkcut":0.676056338028169,"recall_broken":0.33116883116883117,"_step":13,"f1_pure":0.6774193548387096,"precision_silkcut":0.367112810707457,"_wandb":{"runtime":639},"precision_broken":0.6695842450765864,"train_loss":0.9691875545656854,"recall_pure":0.5923076923076923,"confusion_matrix_table":{"size":544,"nrows":16,"artifact_path":"wandb-client-artifact://tuh9ivyyfa2dbk8aqyk62m0djqcki6pz626bzledh73upo3h4l1im8cpcy9ll2l1adjiwfnf9zjj8l6f0vyn4eh015kfb0x21u4dppzvx4av679fuu38cl743jb3urth/confusion_matrix_table.table.json","log_mode":"IMMUTABLE","sha256":"d5f78d92f2be947c760e5760d3bdd0dfbadb008f8fa7910c2e30c45cdb211b3f","path":"media/table/confusion_matrix_table_13_d5f78d92f2be947c760e.table.json","ncols":3,"_type":"table-file","_latest_artifact_path":"wandb-client-artifact://chzud6uiakmvxk9j1572kd1l9n9d4qtn640xs8o709jw9n32bxrmvwo229i205r131v6vxg4jifsan7vc3bx0bccd96erkbxvkx0ooet9frae9eiu8d573ozploopz1c:latest/confusion_matrix_table.table.json"}}