{"confusion_matrix_table":{"nrows":16,"_type":"table-file","path":"media/table/confusion_matrix_table_14_18d5b2bf6e3e42713c03.table.json","sha256":"18d5b2bf6e3e42713c0388b926be25a75c8d014716cc879b01a74a8881a8662c","ncols":3,"log_mode":"IMMUTABLE","size":539,"_latest_artifact_path":"wandb-client-artifact://yc6ppfbr791eq4ycmdf6rg45dpt3xsx44k1p3gc5qnaxgkxebmeg2by21ijcw8836atmzt3roi7n48uahdwg3omzcn8yezrh5wis6r9tsd34rut8t1pltdz4bj3at6q8:latest/confusion_matrix_table.table.json","artifact_path":"wandb-client-artifact://0hj6na9kgqb1fh3a9g42ri6dbuoekmewpf7aad6d9lax8vixsuq9jyemcwu4gqppw8a91a2wvh0qv7j2bkax3h7ik6r3nk9lv6e6efl63h6m76v37dibwx4bmubq32s7/confusion_matrix_table.table.json"},"recall_silkcut":0.7887323943661971,"val_loss":0.5564555092896829,"precision_discolored":0.660952380952381,"recall_discolored":0.7139917695473251,"_timestamp":1.7778434428369987e+09,"f1_silkcut":0.7632027257240205,"f1_broken":0.7672131147540984,"_wandb":{"runtime":2276},"lr_head":1.092619963309716e-07,"train_loss":0.5106476912179695,"val_acc":0.7852653631284916,"lr_backbone":1.0926199633097156e-05,"precision_silkcut":0.7392739273927392,"_runtime":2276,"recall_pure":0.8341880341880342,"f1_pure":0.8486956521739131,"epoch":15,"_step":14,"f1_discolored":0.6864490603363007,"precision_broken":0.7748344370860927,"precision_pure":0.863716814159292,"recall_broken":0.7597402597402597}