{"val_acc":0.6330307262569832,"train_loss":0.9602349744789429,"_timestamp":1.7779405316342742e+09,"lr_head":0.0004477357683661734,"precision_silkcut":0.48872180451127817,"precision_broken":0.5901309164149043,"epoch":9,"f1_discolored":0.51931330472103,"_step":8,"f1_pure":0.734220695577501,"recall_pure":0.7307692307692307,"_runtime":516,"confusion_matrix_table":{"_latest_artifact_path":"wandb-client-artifact://axyb85zgcprb9isvrfg2c3qjp9aolcbhe4kivcji8sojug1rv37936h29u7ol2shm8t3ie1uwwfy3a0k7zjy7oie5lyz69nk9sicbqirn5w2c17p7sndh2z5fbdf239z:latest/confusion_matrix_table.table.json","artifact_path":"wandb-client-artifact://lzza0g2wtl4kn7id1ypkxkwhu1ov6nqt4pr6yidw6ch3ilwn6l83ctj0mgnvon4bg2lf1gk53216coq4k3s2imyjqo0pttapuxqr0qi3nvhgsc7xoywpc6xq5tny02sh/confusion_matrix_table.table.json","log_mode":"IMMUTABLE","size":542,"_type":"table-file","path":"media/table/confusion_matrix_table_8_d50563a2588c2788df88.table.json","ncols":3,"nrows":16,"sha256":"d50563a2588c2788df882a432c65990356cc21be4d988b52ca7f65656f2a8d91"},"recall_discolored":0.49794238683127573,"precision_discolored":0.5426008968609866,"recall_broken":0.6341991341991342,"val_loss":0.9807959322156853,"lr_backbone":0,"_wandb":{"runtime":516},"f1_broken":0.6113719353155973,"f1_silkcut":0.4727272727272727,"precision_pure":0.7377049180327869,"recall_silkcut":0.45774647887323944}