{"recall_discolored":0.7777777777777778,"confusion_matrix_table":{"artifact_path":"wandb-client-artifact://7wokfkft1nuuqvxy9ovthbs8muxtw2m7tocntkylj60j63cxt5cq39rcw23kcgxsd9kg0vtcxe9yt0utno0irskxfren51zp1x4g0mo132vy5tv3zeruyepckjg6w3ju/confusion_matrix_table.table.json","_latest_artifact_path":"wandb-client-artifact://7mi1s37oi21pxe8rb6iuom52uvkqji7qxvmf59l44v7hyzahvk99oed55egeieyh7nw0nvyjokl9ub0cs7g0hux3pnpk5evgw95fsnigdpbjtiohkard3b2ccmojhk90:latest/confusion_matrix_table.table.json","path":"media/table/confusion_matrix_table_14_5e498a695253fbb59083.table.json","log_mode":"IMMUTABLE","sha256":"5e498a695253fbb5908315979acf286d3bb4e52b66a17ced8336361917356bef","ncols":3,"_type":"table-file","size":541,"nrows":16},"train_loss":0.6703365829981816,"f1_pure":0.6639302206259621,"precision_pure":0.8305519897304237,"f1_broken":0.45392231530845395,"f1_discolored":0.5415472779369628,"_step":14,"_timestamp":1.7780028525295227e+09,"lr_backbone":1.0926199633097156e-05,"epoch":15,"precision_silkcut":0.33078880407124683,"precision_discolored":0.4153846153846154,"precision_broken":0.7660668380462725,"recall_broken":0.3225108225108225,"recall_pure":0.552991452991453,"_wandb":{"runtime":922},"val_acc":0.5527234636871509,"_runtime":922,"val_loss":0.914078864305379,"lr_head":1.092619963309716e-07,"f1_silkcut":0.48598130841121495,"recall_silkcut":0.9154929577464789}