{"_wandb":{"runtime":692},"recall_broken":0.4448051948051948,"confusion_matrix_table":{"sha256":"08782bfce356534a4f4410b7a569a4c07953051d5b550dd7bd0d761e15d45fa6","_latest_artifact_path":"wandb-client-artifact://frcbtpfrnvuzpwq12hg5824tg553j93cy8s7jfkj8p5j5rxkyfhpl6p15g6cz3to6crf3239nqty04catjl8ou3i5lehptr2tmhnyte2cvllod6dupi1v3wjgkj3itut:latest/confusion_matrix_table.table.json","_type":"table-file","size":542,"artifact_path":"wandb-client-artifact://9z111mtrnmpd2hobzsgjgn89uu4qor1yu4e94p07o3echrk30w3723t0yc4r0u4t70yhvc1lldt9un7fp8f7kjh4unf247urxkbftf728721hfgdbxljncn3qin63in8/confusion_matrix_table.table.json","ncols":3,"nrows":16,"log_mode":"IMMUTABLE","path":"media/table/confusion_matrix_table_11_08782bfce356534a4f44.table.json"},"precision_discolored":0.4652567975830816,"precision_silkcut":0.45918367346938777,"precision_pure":0.7036181678214011,"epoch":12,"_timestamp":1.7779736650460758e+09,"recall_silkcut":0.4753521126760563,"recall_discolored":0.6337448559670782,"precision_broken":0.6748768472906403,"train_loss":0.9069241556869083,"f1_discolored":0.5365853658536586,"val_acc":0.61731843575419,"f1_broken":0.5362035225048923,"_runtime":692,"_step":11,"lr_head":0.00016543469682057103,"recall_pure":0.7811965811965812,"val_loss":0.8985348536981551,"f1_pure":0.7403807209396517,"lr_backbone":0,"f1_silkcut":0.4671280276816609}