{"f1_discolored":0.5388127853881278,"precision_pure":0.7189811010682005,"recall_broken":0.5205627705627706,"_timestamp":1.7778456895013807e+09,"val_acc":0.6239525139664804,"recall_pure":0.7478632478632479,"lr_head":1.092619963309716e-07,"precision_discolored":0.48440065681444994,"precision_broken":0.6206451612903225,"recall_discolored":0.6069958847736625,"recall_silkcut":0.4788732394366197,"lr_backbone":1.0926199633097156e-05,"f1_pure":0.7331378299120235,"confusion_matrix_table":{"artifact_path":"wandb-client-artifact://q896mekintkohxiredt3gqnqoomtukh7ocxk98do7zrigtd1cmqgqgrmbw1f2qkmwj5np2z3bevomd25mqhn7rr8okq7szwaqcdqtw3558s1n0ckzmouph080orq4n46/confusion_matrix_table.table.json","_latest_artifact_path":"wandb-client-artifact://ut8hra17jr1a67w5exncyi02kc2ekos5mpbdkix8282r18ldichmryxt56us77ykqrpfljn9pwrc3fbh7v54v8i6g28rkemfxcbb1wpr5p9f0mucdpxa81iwz3nz8dsw:latest/confusion_matrix_table.table.json","sha256":"d370159e0d95d924c8c839c068658e5e45e8462c3ed92723e6c529405306229d","ncols":3,"path":"media/table/confusion_matrix_table_14_d370159e0d95d924c8c8.table.json","log_mode":"IMMUTABLE","_type":"table-file","size":541,"nrows":16},"_step":14,"train_loss":0.9082407462469965,"_runtime":686,"precision_silkcut":0.5171102661596958,"_wandb":{"runtime":686},"val_loss":0.9070262306229362,"f1_silkcut":0.49725776965265084,"epoch":15,"f1_broken":0.5662154208357858}