{"epoch":15,"val_loss":0.6601731594048399,"lr_backbone":1.0926199633097156e-05,"f1_discolored":0.6042841037204059,"f1_silkcut":0.6377952755905512,"recall_broken":0.6991341991341992,"train_loss":0.6304655054681358,"_step":14,"recall_discolored":0.551440329218107,"precision_silkcut":0.7232142857142857,"precision_pure":0.7686072218128224,"f1_broken":0.7153931339977851,"precision_discolored":0.6683291770573566,"f1_pure":0.8254847645429363,"precision_broken":0.7324263038548753,"val_acc":0.7398743016759777,"_timestamp":1.777839939936771e+09,"recall_silkcut":0.5704225352112676,"confusion_matrix_table":{"_latest_artifact_path":"wandb-client-artifact://njuzpvj02e8gkm4xzi2n0f7zbgw2tspiod2niij1anx6bng7g3ws8kok0p1eo3jit0dapdo1h7wbqb8y03jpv6r5ip2zm1okju6jzuoktcrbpneevks7cuauvnf51sin:latest/confusion_matrix_table.table.json","log_mode":"IMMUTABLE","path":"media/table/confusion_matrix_table_14_f68e1fda60e2806d5358.table.json","size":541,"_type":"table-file","artifact_path":"wandb-client-artifact://1h8y9j5ezcwtb6v27nfhsjkplbllwttoour9ngulh8v0kzt6y71h1z4r0kc06b35zbphgo42nstciykx4vl45xqlgqxdbdpoy7bk01sykm422qo7rwd87850g6b2tg5w/confusion_matrix_table.table.json","sha256":"f68e1fda60e2806d5358ed38c54a57cffab8c96ab62518a4a0c411ee5d9600c3","nrows":16,"ncols":3},"lr_head":1.092619963309716e-07,"_runtime":1054,"recall_pure":0.8914529914529915,"_wandb":{"runtime":1054}}