{"epoch":11,"lr_head":9.619397662556435e-06,"f1_discolored":0.6765799256505576,"precision_discolored":0.6169491525423729,"recall_broken":0.6699134199134199,"val_loss":0.5184823804061506,"precision_broken":0.8549723756906077,"f1_silkcut":0.7905405405405406,"precision_silkcut":0.7597402597402597,"_step":10,"train_loss":0.47515344545882415,"recall_discolored":0.7489711934156379,"_runtime":5281,"f1_pure":0.8582089552238806,"confusion_matrix_table":{"sha256":"7517c3e5d8870b13cfa79cc6ce41b72257a134f2f5a27bf09cc5807b3e854eb3","log_mode":"IMMUTABLE","nrows":16,"_type":"table-file","_latest_artifact_path":"wandb-client-artifact://tjf757berlif9dpg326q0wp567qse1rl6evbjtsgomiplxs0alq36bmkmrhapbl1ujm72gao3exi9opjhlhku3ovqdtjkrsvcu5y4n0hzd1nr7zfu7ytrsbsv0l30u1e:latest/confusion_matrix_table.table.json","path":"media/table/confusion_matrix_table_10_7517c3e5d8870b13cfa7.table.json","size":541,"ncols":3,"artifact_path":"wandb-client-artifact://lzhfr0dcxq2zpekzz9yy9s4v5fafsl2y7bs0hlrax04izjyepglvtgeq0wjm76gue8dndh3vj0lbty2ldhi05zvkf3l5pl39y3fjh22olig0j63molk2l8z7tcajlsfu/confusion_matrix_table.table.json"},"f1_broken":0.7512135922330098,"_timestamp":1.7780598074553962e+09,"recall_pure":0.8846153846153846,"lr_backbone":0.0009619397662556433,"precision_pure":0.8333333333333334,"recall_silkcut":0.823943661971831,"_wandb":{"runtime":5281},"val_acc":0.7863128491620112}