{"f1_broken":0.6961613532856213,"lr_head":1.092619963309716e-07,"train_loss":0.3588678684676686,"precision_pure":0.8904899135446686,"precision_silkcut":0.6086956521739131,"lr_backbone":1.0926199633097156e-05,"_step":14,"recall_broken":0.579004329004329,"recall_discolored":0.845679012345679,"val_loss":0.5726627174702437,"_runtime":5703,"precision_discolored":0.5316946959896507,"confusion_matrix_table":{"sha256":"565fdbad16bb8bea8d7c5a742dbd7355b4881a7c691e0e11e778f68fd2d99b62","artifact_path":"wandb-client-artifact://eib1hat531c7j57uiu3n69lizb07eadxfh4mshlmg4ayg6wwkre8onvgs8bjnyc4709vxwnojfj0eop7gvtjx239in4wlj4vlm565746l8bf7olgqi0fvccajeyzdern/confusion_matrix_table.table.json","ncols":3,"size":538,"_type":"table-file","_latest_artifact_path":"wandb-client-artifact://xwk8wcbjswnwg4nbjtnfqps8jqezmv4x3k5esqaikh68zv6bk1odsxa9uwuusjezrrbug1zevbhnclrxp29volo87hkho1mbe4lg24l5lqkg5fgz295f2h700lyyeu1a:latest/confusion_matrix_table.table.json","nrows":16,"log_mode":"IMMUTABLE","path":"media/table/confusion_matrix_table_14_565fdbad16bb8bea8d7c.table.json"},"f1_discolored":0.6528991262907069,"recall_pure":0.7923076923076923,"val_acc":0.7468575418994413,"_wandb":{"runtime":5703},"_timestamp":1.7779949138344603e+09,"f1_silkcut":0.7378640776699029,"precision_broken":0.8727569331158238,"recall_silkcut":0.9366197183098591,"epoch":15,"f1_pure":0.8385345997286295}