{"precision_discolored":0.434331797235023,"confusion_matrix_table":{"_latest_artifact_path":"wandb-client-artifact://sar7jfcr29w4lrvso4edt16fizn3xi5tk41yufla9oa3ztqqla1rrrygsmhno9be5sg8fd9y1zehfq977wio7f86pv12iyjprnt9w0qk2fz8az10322rcook5vojjczf:latest/confusion_matrix_table.table.json","sha256":"38edbf18e7c5a9339e4ad7e01abd6b9d60c6cbb45849a60c506c0c54637d6642","size":544,"nrows":16,"_type":"table-file","path":"media/table/confusion_matrix_table_14_38edbf18e7c5a9339e4a.table.json","log_mode":"IMMUTABLE","artifact_path":"wandb-client-artifact://vew9mjam7xl1bldkcjq3k18205f12zjg6mqjh3sgiux8utlqp3d3gx6osc2oka00rs5x4xg8gw9ubna8a1elwqkkxuxnqrwbxkpxvk08nsa37goknnomlap0w96qpvj4/confusion_matrix_table.table.json","ncols":3},"_runtime":836,"recall_silkcut":0.7711267605633803,"train_loss":0.8215471718985075,"lr_backbone":1.0926199633097156e-05,"_wandb":{"runtime":836},"f1_broken":0.5506072874493927,"epoch":15,"precision_broken":0.7311827956989247,"val_acc":0.6204608938547486,"precision_silkcut":0.4415322580645161,"_timestamp":1.7779814988365355e+09,"f1_discolored":0.5568685376661743,"recall_pure":0.6606837606837607,"lr_head":1.092619963309716e-07,"f1_silkcut":0.5615384615384615,"_step":14,"val_loss":0.8968804372089535,"f1_pure":0.7320075757575758,"recall_discolored":0.7757201646090535,"recall_broken":0.44155844155844154,"precision_pure":0.8205944798301487}