{"f1_broken":0.5159817351598174,"precision_silkcut":0.3491204330175913,"recall_pure":0.6692307692307692,"train_loss":0.6066006341203593,"val_acc":0.6120810055865922,"_runtime":872,"f1_pure":0.7331460674157303,"_timestamp":1.7779849320054266e+09,"recall_broken":0.36688311688311687,"precision_broken":0.8692307692307693,"lr_head":4.322727117869951e-05,"recall_discolored":0.7674897119341564,"val_loss":0.8146715613716807,"lr_backbone":0,"epoch":14,"precision_pure":0.8105590062111802,"f1_silkcut":0.5043988269794721,"_step":13,"confusion_matrix_table":{"artifact_path":"wandb-client-artifact://9jcc6893gnvgs3wi0tc53t9wes985zaaqvu33ci9g58ii86d5zwhqt5ekqv72ipksylqv3t7khi1xpnggfei2me27ac7md0kjs9yw5e3cp0oinymdol26n34q6pqp1zb/confusion_matrix_table.table.json","_latest_artifact_path":"wandb-client-artifact://nix47yto930e3xnxpl1lt5ejbu82xnqfvc5muxytqtoo2sygilxnmp4rcyeehlhk55zze6hzc7ho7ccpyoho2ucb088r976922u7tggfr7aqtyv4rz2th12ox16h0gwh:latest/confusion_matrix_table.table.json","size":542,"path":"media/table/confusion_matrix_table_13_7d0351026c757201b5af.table.json","nrows":16,"_type":"table-file","log_mode":"IMMUTABLE","sha256":"7d0351026c757201b5aff1a6b899b5eb676bae2861a2dae24e8ea3084e2a055c","ncols":3},"_wandb":{"runtime":872},"recall_silkcut":0.9084507042253521,"f1_discolored":0.5944223107569722,"precision_discolored":0.4850455136540962}