{"_runtime":736,"recall_silkcut":0.7077464788732394,"precision_discolored":0.48450704225352115,"_wandb":{"runtime":736},"_timestamp":1.777943355825202e+09,"recall_broken":0.5281385281385281,"val_acc":0.6504888268156425,"recall_discolored":0.7078189300411523,"f1_silkcut":0.5726495726495726,"precision_pure":0.816125860373648,"val_loss":0.8192346352438687,"lr_head":1.092619963309716e-07,"confusion_matrix_table":{"_latest_artifact_path":"wandb-client-artifact://z21wvycpz36qdvq8sed88xbww6pmts7z7el65w5ratnnk7z5673bkahbzpefgsztcer3emuz9vp6klxd18ztcv52ex45k15k1m56xe9gflrh9avwtkk32bbwah9qkb45:latest/confusion_matrix_table.table.json","path":"media/table/confusion_matrix_table_14_1d39956860e89984fcdd.table.json","_type":"table-file","artifact_path":"wandb-client-artifact://d5n64fezyk4gwqeuhhvj8jwjlvyq4nv6ab37huaiex1dzsb2mynmjc2sewlg9u4942bt6pol012q25kge852vhi7b284e91xa7nrjqzoi0981evzl1m3qlqolx5v677t/confusion_matrix_table.table.json","size":542,"nrows":16,"log_mode":"IMMUTABLE","sha256":"1d39956860e89984fcdd2929dbde3eb3e2c81e5eeeb28994c34e28f7f505142a","ncols":3},"f1_pure":0.7590306355738454,"precision_silkcut":0.48086124401913877,"recall_pure":0.7094017094017094,"_step":14,"lr_backbone":1.0926199633097156e-05,"epoch":15,"f1_discolored":0.5752508361204013,"precision_broken":0.6787204450625869,"f1_broken":0.5940353012781497,"train_loss":0.8313645910771443}