{"val_loss":0.5302440605683034,"_runtime":2405,"precision_broken":0.8387978142076503,"f1_silkcut":0.7746913580246914,"f1_discolored":0.6872727272727273,"f1_pure":0.8597246127366609,"_timestamp":1.7779302744750214e+09,"recall_silkcut":0.8838028169014085,"train_loss":0.5066743760840663,"lr_head":1.092619963309716e-07,"_wandb":{"runtime":2405},"recall_discolored":0.7777777777777778,"confusion_matrix_table":{"_type":"table-file","nrows":16,"ncols":3,"_latest_artifact_path":"wandb-client-artifact://am6bqrzkmn1uj2ediey00q8i7fc68ou5w13hkoh5royddp154us442spadtnn0099kb0mfgl1xg1ju9j0uia5iht59xqk60cokkd9vypk0z8a0s5bcp3ufa2d9edjgo8:latest/confusion_matrix_table.table.json","sha256":"6f1524d2458626183535fe087a28bba1628ffd0fd8ae8ed0d4b402b8b8c35f73","artifact_path":"wandb-client-artifact://z7cz5d5j14n2t68yn5zl5zpre9wchjdbyboudeois0wcazamhr2g5dtxusn35l8s42hvd8v0gf0pdnek48aachhnr7ek1636s0hfbs8bryrsnd2v14cuueu2p899pb9u/confusion_matrix_table.table.json","log_mode":"IMMUTABLE","path":"media/table/confusion_matrix_table_14_6f1524d2458626183535.table.json","size":539},"_step":14,"precision_discolored":0.6156351791530945,"lr_backbone":1.0926199633097156e-05,"recall_pure":0.8538461538461538,"f1_broken":0.7415458937198067,"precision_silkcut":0.6895604395604396,"recall_broken":0.6645021645021645,"val_acc":0.7828212290502793,"epoch":15,"precision_pure":0.865684575389948}