{"recall_broken":0.5854978354978355,"recall_silkcut":0.7711267605633803,"precision_broken":0.8086696562032885,"f1_broken":0.6792215944758317,"_wandb":{"runtime":1024},"precision_pure":0.7982099267697315,"val_loss":0.6639234536852916,"recall_discolored":0.7057613168724279,"_runtime":1024,"_step":14,"f1_silkcut":0.6687022900763359,"recall_pure":0.8384615384615385,"_timestamp":1.7779264089224777e+09,"val_acc":0.7276536312849162,"lr_head":1.092619963309716e-07,"lr_backbone":1.0926199633097156e-05,"train_loss":0.6611376545736772,"precision_discolored":0.5764705882352941,"precision_silkcut":0.5902964959568733,"f1_discolored":0.6345975948196114,"epoch":15,"f1_pure":0.8178407669862443,"confusion_matrix_table":{"ncols":3,"log_mode":"IMMUTABLE","nrows":16,"artifact_path":"wandb-client-artifact://ng4kfrqe2v77pjv5dda0wflm52x35jp0tngh9azsqo7pge7384v0jh19fui0rqol0c5tm16gt3rqybaf2hmfrpfsebnys6ylzfg8oadngif8vydi3c53ahg952f9wlzs/confusion_matrix_table.table.json","_latest_artifact_path":"wandb-client-artifact://uo0gllhtmg3sm4uehxgjuux1fhttms7i9kyh7z9jaqjnpmfi9f3derk81i4pn2e02h0kf5xftsnkql1lravev4utyr5ssl03xqljt2hvkn8lkm7ojlsmytecnz0wpslh:latest/confusion_matrix_table.table.json","path":"media/table/confusion_matrix_table_14_c88cbe78bec2fefcfefb.table.json","size":540,"sha256":"c88cbe78bec2fefcfefb7cde0453016e0ead6b2557f1ad1a7917b044b75b494c","_type":"table-file"}}