{"_timestamp":1.7779369054261377e+09,"recall_discolored":0.6111111111111112,"confusion_matrix_table":{"ncols":3,"_latest_artifact_path":"wandb-client-artifact://teargtdxumm8fzfsinex198s6f9cdyi4h3h3m1dei2xhrymb0v5x8p30k762c6yo8hiotjxnwg51y6fdftqbvl49nuq3uslxxk7ii6b75ycr2x8ndnj87fl7jey5wo0o:latest/confusion_matrix_table.table.json","artifact_path":"wandb-client-artifact://tbn13eu3nc0sengelrd1bpm132y9yvwgwlzwgjqqxe7m5k25cxl0twzdheocmpizh15o67yirsggdldbodimfxfqsynt5vax37vjz00jvn9oorus7bsal2vwx065f1dh/confusion_matrix_table.table.json","path":"media/table/confusion_matrix_table_14_4403588a8721dfadceaa.table.json","_type":"table-file","nrows":16,"size":542,"sha256":"4403588a8721dfadceaa9cb1797adc42614adc4817d5adbcf7bb57928361bc08","log_mode":"IMMUTABLE"},"lr_backbone":1.0926199633097156e-05,"precision_silkcut":0.5575447570332481,"_step":14,"precision_pure":0.8405253283302064,"epoch":15,"recall_pure":0.7658119658119659,"val_acc":0.714036312849162,"f1_discolored":0.6055045871559633,"f1_broken":0.690631808278867,"_wandb":{"runtime":941},"precision_broken":0.6951754385964912,"val_loss":0.7161192261306933,"recall_silkcut":0.7676056338028169,"f1_silkcut":0.6459259259259259,"recall_broken":0.6861471861471862,"precision_discolored":0.6,"train_loss":0.6623617083661364,"_runtime":941,"lr_head":1.092619963309716e-07,"f1_pure":0.8014311270125224}