{"f1_broken":0.4325925925925926,"train_loss":0.7764759179725553,"precision_silkcut":0.25813953488372093,"recall_broken":0.31601731601731603,"precision_pure":0.7604049493813273,"val_acc":0.5237430167597765,"_timestamp":1.777995667812853e+09,"epoch":13,"recall_discolored":0.6378600823045267,"f1_silkcut":0.3881118881118881,"f1_discolored":0.5276595744680851,"precision_discolored":0.44992743105950656,"_wandb":{"runtime":749},"_runtime":749,"precision_broken":0.6854460093896714,"lr_backbone":0,"confusion_matrix_table":{"size":544,"nrows":16,"ncols":3,"_type":"table-file","sha256":"2c8db1d4c71c4cd555fff6f84178081e152b4330c83fa0e592163f60da9ee640","path":"media/table/confusion_matrix_table_12_2c8db1d4c71c4cd555ff.table.json","artifact_path":"wandb-client-artifact://dpjxv8s4es3rtv17sbhwjdjts1fu76k42n82oi3zoe2shtrax1x3dpz6rrrlag3h6hhm9akbyfwo5rwmfkuakc1jakorrbx3udhickr7e71a4ex1r9sa4864vaj8whng/confusion_matrix_table.table.json","log_mode":"IMMUTABLE","_latest_artifact_path":"wandb-client-artifact://hngprqxl2yjlmt16pqbxzp6yx4dm019je4kj419lify9xf3ddrfbwq0gjsnmjgd9t3bannimnp6lvq3xb4shfyrtggxev7gcp3m6h0m0zttmknzizht7zgmjptisn9g8:latest/confusion_matrix_table.table.json"},"_step":12,"lr_head":9.549150281252631e-05,"val_loss":0.9950096600548515,"f1_pure":0.6566294317629917,"recall_silkcut":0.7816901408450704,"recall_pure":0.5777777777777777}