{"precision_broken":0.7058823529411765,"_timestamp":1.7779455210940516e+09,"_runtime":2159,"epoch":15,"precision_discolored":0.5252225519287834,"recall_pure":0.7247863247863248,"_step":14,"val_loss":0.7276174426078796,"train_loss":0.7374263498291626,"f1_silkcut":0.6364963503649635,"confusion_matrix_table":{"_latest_artifact_path":"wandb-client-artifact://drdzaq2h2i2oitg5fwj4q1th7v5zi7c1qqmx6gdkodyem81tblf2w0ojy564kmgvq8y5amalotxslbk1kgi8jliqriqszv68wzq6d1c7asbxowgn476212yhbffonav2:latest/confusion_matrix_table.table.json","path":"media/table/confusion_matrix_table_14_2739f6ad7d3596633c63.table.json","log_mode":"IMMUTABLE","nrows":16,"sha256":"2739f6ad7d3596633c635919782e0e16ffafcd39316cdcb277d7aea7fec34afd","ncols":3,"size":542,"artifact_path":"wandb-client-artifact://2yki37glg5k44rrry9314qsof9j71agd526h0hsnvtqc7j1uatq0w3pw5s6t82acma8beywnb2bc0bhc9qoyjn7xycpfiv2if3p6iz5xcn5aay42w6gzcibvtljhm7ru/confusion_matrix_table.table.json","_type":"table-file"},"f1_discolored":0.6103448275862069,"f1_pure":0.7790537436839687,"recall_silkcut":0.7676056338028169,"val_acc":0.6885474860335196,"lr_head":1.092619963309716e-07,"lr_backbone":1.0926199633097156e-05,"recall_broken":0.5974025974025974,"precision_pure":0.8421052631578947,"f1_broken":0.6471277842907386,"precision_silkcut":0.543640897755611,"_wandb":{"runtime":2159},"recall_discolored":0.7283950617283951}